#! /opt/homebrew/Cellar/icarus-verilog/12.0/bin/vvp
:ivl_version "12.0 (stable)";
:ivl_delay_selection "TYPICAL";
:vpi_time_precision - 12;
:vpi_module "/opt/homebrew/Cellar/icarus-verilog/12.0/lib/ivl/system.vpi";
:vpi_module "/opt/homebrew/Cellar/icarus-verilog/12.0/lib/ivl/vhdl_sys.vpi";
:vpi_module "/opt/homebrew/Cellar/icarus-verilog/12.0/lib/ivl/vhdl_textio.vpi";
:vpi_module "/opt/homebrew/Cellar/icarus-verilog/12.0/lib/ivl/v2005_math.vpi";
:vpi_module "/opt/homebrew/Cellar/icarus-verilog/12.0/lib/ivl/va_math.vpi";
:vpi_module "/opt/homebrew/Cellar/icarus-verilog/12.0/lib/ivl/v2009.vpi";
S_0x126606ec0 .scope package, "$unit" "$unit" 2 1;
 .timescale 0 0;
S_0x126612cf0 .scope module, "tb_top" "tb_top" 3 6;
 .timescale -9 -12;
L_0x118041528 .functor BUFT 1, C4<0000000>, C4<0>, C4<0>, C4<0>;
v0x12663b710_0 .net *"_ivl_3", 6 0, L_0x118041528;  1 drivers
v0x12663b7d0_0 .var "clk50m", 0 0;
v0x12663b870_0 .var "cs", 0 0;
v0x12663b960_0 .net "debug_cs", 0 0, L_0x126644500;  1 drivers
v0x12663b9f0_0 .net "debug_led", 7 0, L_0x1266456d0;  1 drivers
v0x12663bac0_0 .net "debug_mosi", 0 0, L_0x1266445b0;  1 drivers
v0x12663bb50_0 .net "debug_sclk", 0 0, L_0x1266443e0;  1 drivers
v0x12663bc00_0 .var/i "i", 31 0;
v0x12663bc90_0 .var/i "j", 31 0;
v0x12663bdb0_0 .var "mosi", 0 0;
v0x12663be40_0 .var "rst_n", 0 0;
v0x12663bed0_0 .var "sclk", 0 0;
L_0x1266456d0 .concat [ 1 7 0 0], v0x12663a680_0, L_0x118041528;
S_0x126612e60 .scope module, "dut" "top" 3 17, 4 3 0, S_0x126612cf0;
 .timescale -9 -12;
    .port_info 0 /INPUT 1 "i_clk50m";
    .port_info 1 /INPUT 1 "i_rst_n";
    .port_info 2 /INPUT 1 "i_sclk";
    .port_info 3 /INPUT 1 "i_cs";
    .port_info 4 /INPUT 1 "i_mosi";
    .port_info 5 /OUTPUT 6 "o_neopixel_out";
    .port_info 6 /OUTPUT 1 "o_panel_en";
    .port_info 7 /OUTPUT 1 "o_debug_led";
    .port_info 8 /OUTPUT 1 "o_debug_sclk";
    .port_info 9 /OUTPUT 1 "o_debug_cs";
    .port_info 10 /OUTPUT 1 "o_debug_mosi";
P_0x126612fd0 .param/l "ADDR_W_CH" 1 4 32, +C4<00000000000000000000000000001010>;
P_0x126613010 .param/l "ADDR_W_TOTAL" 1 4 31, +C4<00000000000000000000000000001100>;
P_0x126613050 .param/l "BYTES_PER_CH" 1 4 27, +C4<0000000000000000000000000000000000000000000000000000001001011000>;
P_0x126613090 .param/l "BYTES_TOTAL" 1 4 29, +C4<000000000000000000000000000000000000000000000000000000000000000000000000000000000000111000010000>;
P_0x1266130d0 .param/l "CH_NUM" 1 4 25, +C4<00000000000000000000000000000110>;
P_0x126613110 .param/l "LEDS_PER_CH" 1 4 26, +C4<00000000000000000000000011001000>;
P_0x126613150 .param/l "LEDS_TOTAL" 1 4 28, +C4<0000000000000000000000000000000000000000000000000000010010110000>;
P_0x126613190 .param/l "PANEL_EN_DELAY" 1 4 41, C4<00000000001100001101010000>;
enum0x137804ed0 .enum4 (3)
   "IDLE" 3'b000,
   "START" 3'b001,
   "DATA_R" 3'b010,
   "DATA_W" 3'b011,
   "STOP" 3'b100
 ;
L_0x126644500 .functor BUFZ 1, v0x12663b870_0, C4<0>, C4<0>, C4<0>;
L_0x1266445b0 .functor BUFZ 1, v0x12663bdb0_0, C4<0>, C4<0>, C4<0>;
L_0x1266446d0 .functor BUFZ 1, v0x12663aac0_0, C4<0>, C4<0>, C4<0>;
L_0x126644250 .functor BUFZ 8, v0x126639740_0, C4<00000000>, C4<00000000>, C4<00000000>;
L_0x126645660 .functor BUFZ 6, L_0x126644070, C4<000000>, C4<000000>, C4<000000>;
L_0x1180414e0 .functor BUFT 1, C4<011>, C4<0>, C4<0>, C4<0>;
v0x126639f40_0 .net/2u *"_ivl_35", 2 0, L_0x1180414e0;  1 drivers
v0x126639fd0_0 .net "i_clk50m", 0 0, v0x12663b7d0_0;  1 drivers
v0x12663a060_0 .net "i_cs", 0 0, v0x12663b870_0;  1 drivers
v0x12663a0f0_0 .net "i_mosi", 0 0, v0x12663bdb0_0;  1 drivers
v0x12663a180_0 .net "i_rst_n", 0 0, v0x12663be40_0;  1 drivers
v0x12663a210_0 .net "i_sclk", 0 0, v0x12663bed0_0;  1 drivers
v0x12663a2a0_0 .net "o_debug_cs", 0 0, L_0x126644500;  alias, 1 drivers
v0x12663a330_0 .net "o_debug_led", 0 0, v0x12663a680_0;  1 drivers
v0x12663a3c0_0 .net "o_debug_mosi", 0 0, L_0x1266445b0;  alias, 1 drivers
v0x12663a4d0_0 .net "o_debug_sclk", 0 0, L_0x1266443e0;  alias, 1 drivers
v0x12663a560_0 .net "o_neopixel_out", 5 0, L_0x126645660;  1 drivers
v0x12663a5f0_0 .net "o_panel_en", 0 0, L_0x1266446d0;  1 drivers
v0x12663a680_0 .var "r_debug_led_blink", 0 0;
v0x12663a720_0 .var "r_frame_valid", 2 0;
v0x12663a7d0_0 .var "r_index", 11 0;
v0x12663a880_0 .var "r_led_counter", 25 0;
v0x12663a930_0 .var "r_panel_delay_cnt", 25 0;
v0x12663aac0_0 .var "r_panel_en", 0 0;
v0x12663ab50_0 .var "r_spi_state", 2 0;
v0x12663abf0_0 .net "w_data_valid", 0 0, L_0x1266453a0;  1 drivers
v0x12663aca0 .array "w_debug_state_bus", 0 5;
v0x12663aca0_0 .net v0x12663aca0 0, 7 0, L_0x12663d5a0; 1 drivers
v0x12663aca0_1 .net v0x12663aca0 1, 7 0, L_0x12663ebc0; 1 drivers
v0x12663aca0_2 .net v0x12663aca0 2, 7 0, L_0x126640220; 1 drivers
v0x12663aca0_3 .net v0x12663aca0 3, 7 0, L_0x126641810; 1 drivers
v0x12663aca0_4 .net v0x12663aca0 4, 7 0, L_0x126642ce0; 1 drivers
v0x12663aca0_5 .net v0x12663aca0 5, 7 0, L_0x126644370; 1 drivers
v0x12663ad40_0 .net "w_neopixel_out_bus", 5 0, L_0x126644070;  1 drivers
v0x12663adf0_0 .net "w_rx_data", 7 0, v0x126639740_0;  1 drivers
v0x12663aeb0_0 .net "w_write_data", 7 0, L_0x126644250;  1 drivers
v0x12663af40_0 .net "w_write_en", 0 0, L_0x1266454c0;  1 drivers
L_0x12663cde0 .part v0x12663a720_0, 0, 1;
L_0x12663d410 .part v0x12663a720_0, 2, 1;
L_0x12663e3e0 .part v0x12663a720_0, 0, 1;
L_0x12663ea30 .part v0x12663a720_0, 2, 1;
L_0x12663f9c0 .part v0x12663a720_0, 0, 1;
L_0x1266400d0 .part v0x12663a720_0, 2, 1;
L_0x126640fc0 .part v0x12663a720_0, 0, 1;
L_0x126641600 .part v0x12663a720_0, 2, 1;
L_0x126642530 .part v0x12663a720_0, 0, 1;
L_0x126642b90 .part v0x12663a720_0, 2, 1;
L_0x126643b40 .part v0x12663a720_0, 0, 1;
L_0x126643fd0 .part v0x12663a720_0, 2, 1;
LS_0x126644070_0_0 .concat8 [ 1 1 1 1], L_0x12663d4f0, L_0x12663eb50, L_0x126640170, L_0x1266417a0;
LS_0x126644070_0_4 .concat8 [ 1 1 0 0], L_0x126642c30, L_0x1266442c0;
L_0x126644070 .concat8 [ 4 2 0 0], LS_0x126644070_0_0, LS_0x126644070_0_4;
L_0x1266443e0 .part L_0x126644070, 0, 1;
L_0x1266454c0 .cmp/eq 3, v0x12663ab50_0, L_0x1180414e0;
S_0x1266134d0 .scope generate, "g_ch[0]" "g_ch[0]" 4 180, 4 180 0, S_0x126612e60;
 .timescale -9 -12;
P_0x1266131d0 .param/l "OFFSET" 1 4 182, +C4<00000000000000000000000000000000>;
P_0x126613210 .param/l "ch" 1 4 180, +C4<00>;
L_0x12663c230 .functor AND 1, L_0x1266454c0, L_0x12663c110, C4<1>, C4<1>;
L_0x12663c610 .functor AND 1, L_0x12663c230, L_0x12663c4f0, C4<1>, C4<1>;
L_0x12663d4f0 .functor BUFZ 1, v0x126625330_0, C4<0>, C4<0>, C4<0>;
L_0x12663d5a0 .functor BUFZ 8, L_0x12663ce80, C4<00000000>, C4<00000000>, C4<00000000>;
v0x1266259c0_0 .net *"_ivl_0", 31 0, L_0x12663bfa0;  1 drivers
v0x126625a50_0 .net *"_ivl_10", 63 0, L_0x12663c300;  1 drivers
L_0x1180400a0 .functor BUFT 1, C4<0000000000000000000000000000000000000000000000000000>, C4<0>, C4<0>, C4<0>;
v0x126625ae0_0 .net *"_ivl_13", 51 0, L_0x1180400a0;  1 drivers
L_0x1180400e8 .functor BUFT 1, C4<0000000000000000000000000000000000000000000000000000001001011000>, C4<0>, C4<0>, C4<0>;
v0x126625b70_0 .net/2u *"_ivl_14", 63 0, L_0x1180400e8;  1 drivers
v0x126625c00_0 .net *"_ivl_16", 0 0, L_0x12663c4f0;  1 drivers
v0x126625cd0_0 .net *"_ivl_20", 31 0, L_0x12663c740;  1 drivers
L_0x118040130 .functor BUFT 1, C4<00000000000000000000>, C4<0>, C4<0>, C4<0>;
v0x126625d60_0 .net *"_ivl_23", 19 0, L_0x118040130;  1 drivers
L_0x118040178 .functor BUFT 1, C4<00000000000000000000000000000000>, C4<0>, C4<0>, C4<0>;
v0x126625e10_0 .net/2u *"_ivl_24", 31 0, L_0x118040178;  1 drivers
v0x126625ec0_0 .net *"_ivl_26", 31 0, L_0x12663c860;  1 drivers
L_0x118040010 .functor BUFT 1, C4<00000000000000000000>, C4<0>, C4<0>, C4<0>;
v0x126625fd0_0 .net *"_ivl_3", 19 0, L_0x118040010;  1 drivers
v0x126626080_0 .net *"_ivl_33", 0 0, L_0x12663d4f0;  1 drivers
L_0x118040058 .functor BUFT 1, C4<00000000000000000000000000000000>, C4<0>, C4<0>, C4<0>;
v0x126626130_0 .net/2u *"_ivl_4", 31 0, L_0x118040058;  1 drivers
v0x1266261e0_0 .net *"_ivl_6", 0 0, L_0x12663c110;  1 drivers
v0x126626280_0 .net *"_ivl_9", 0 0, L_0x12663c230;  1 drivers
v0x126626320_0 .net "debug_state_local", 7 0, L_0x12663ce80;  1 drivers
v0x1266263e0_0 .net "neopix_out_local", 0 0, v0x126625330_0;  1 drivers
v0x126626470_0 .net "rd_addr_local", 9 0, L_0x12663d340;  1 drivers
v0x126626640_0 .net "rd_data_local", 7 0, L_0x12663cd00;  1 drivers
v0x1266266d0_0 .net "wr_addr_local", 9 0, L_0x12663c9a0;  1 drivers
v0x126626760_0 .net "wr_en_local", 0 0, L_0x12663c610;  1 drivers
L_0x12663bfa0 .concat [ 12 20 0 0], v0x12663a7d0_0, L_0x118040010;
L_0x12663c110 .cmp/ge 32, L_0x12663bfa0, L_0x118040058;
L_0x12663c300 .concat [ 12 52 0 0], v0x12663a7d0_0, L_0x1180400a0;
L_0x12663c4f0 .cmp/gt 64, L_0x1180400e8, L_0x12663c300;
L_0x12663c740 .concat [ 12 20 0 0], v0x12663a7d0_0, L_0x118040130;
L_0x12663c860 .arith/sub 32, L_0x12663c740, L_0x118040178;
L_0x12663c9a0 .part L_0x12663c860, 0, 10;
S_0x126613640 .scope module, "u_buf" "double_buffer" 4 197, 5 17 0, S_0x1266134d0;
 .timescale -9 -12;
    .port_info 0 /INPUT 1 "i_clk";
    .port_info 1 /INPUT 1 "i_rst_n";
    .port_info 2 /INPUT 1 "i_wr_en";
    .port_info 3 /INPUT 10 "i_wr_addr";
    .port_info 4 /INPUT 8 "i_wr_data";
    .port_info 5 /INPUT 1 "i_swap";
    .port_info 6 /INPUT 10 "i_rd_addr";
    .port_info 7 /OUTPUT 8 "o_rd_data";
P_0x1266133d0 .param/l "ADDR_WIDTH" 0 5 19, +C4<00000000000000000000000000001010>;
P_0x126613410 .param/l "LEDS" 0 5 18, +C4<00000000000000000000000011001000>;
v0x126613970_0 .net *"_ivl_0", 31 0, L_0x12663cb00;  1 drivers
L_0x1180401c0 .functor BUFT 1, C4<0000000000000000000000000000000>, C4<0>, C4<0>, C4<0>;
v0x126623730_0 .net *"_ivl_3", 30 0, L_0x1180401c0;  1 drivers
L_0x118040208 .functor BUFT 1, C4<00000000000000000000000000000000>, C4<0>, C4<0>, C4<0>;
v0x1266237d0_0 .net/2u *"_ivl_4", 31 0, L_0x118040208;  1 drivers
v0x126623860_0 .net *"_ivl_6", 0 0, L_0x12663cbe0;  1 drivers
v0x1266238f0_0 .net "i_clk", 0 0, v0x12663b7d0_0;  alias, 1 drivers
v0x1266239c0_0 .net "i_rd_addr", 9 0, L_0x12663d340;  alias, 1 drivers
v0x126623a50_0 .net "i_rst_n", 0 0, v0x12663be40_0;  alias, 1 drivers
v0x126623af0_0 .net "i_swap", 0 0, L_0x12663cde0;  1 drivers
v0x126623b90_0 .net "i_wr_addr", 9 0, L_0x12663c9a0;  alias, 1 drivers
v0x126623ca0_0 .net "i_wr_data", 7 0, L_0x126644250;  alias, 1 drivers
v0x126623d50_0 .net "i_wr_en", 0 0, L_0x12663c610;  alias, 1 drivers
v0x126623df0_0 .net "o_rd_data", 7 0, L_0x12663cd00;  alias, 1 drivers
v0x126623ea0 .array "r_bufA", 599 0, 7 0;
v0x126623f40 .array "r_bufB", 599 0, 7 0;
v0x126623fe0_0 .var "r_buf_sel", 0 0;
v0x126624080_0 .var "rdA", 7 0;
v0x126624130_0 .var "rdB", 7 0;
E_0x126613930 .event posedge, v0x1266238f0_0;
L_0x12663cb00 .concat [ 1 31 0 0], v0x126623fe0_0, L_0x1180401c0;
L_0x12663cbe0 .cmp/eq 32, L_0x12663cb00, L_0x118040208;
L_0x12663cd00 .functor MUXZ 8, v0x126624080_0, v0x126624130_0, L_0x12663cbe0, C4<>;
S_0x126624360 .scope module, "u_drv" "neopixel_driver" 4 214, 6 23 0, S_0x1266134d0;
 .timescale -9 -12;
    .port_info 0 /INPUT 1 "i_clk";
    .port_info 1 /INPUT 1 "i_rst_n";
    .port_info 2 /INPUT 1 "i_start";
    .port_info 3 /OUTPUT 1 "o_busy";
    .port_info 4 /OUTPUT 10 "o_rd_addr";
    .port_info 5 /INPUT 8 "i_data";
    .port_info 6 /OUTPUT 1 "o_neopixel_out";
    .port_info 7 /OUTPUT 1 "o_frame_done";
    .port_info 8 /OUTPUT 8 "o_debug_state";
P_0x1266244d0 .param/l "CLK_HZ" 0 6 25, +C4<00000010111110101111000010000000>;
P_0x126624510 .param/l "LEDS" 0 6 24, +C4<00000000000000000000000011001000>;
P_0x126624550 .param/l "RST_TCK" 1 6 55, +C4<00000000000000000000100111000100>;
P_0x126624590 .param/l "T0H_TCK" 1 6 51, +C4<00000000000000000000000000001111>;
P_0x1266245d0 .param/l "T0L_TCK" 1 6 52, +C4<00000000000000000000000000101101>;
P_0x126624610 .param/l "T1H_TCK" 1 6 53, +C4<00000000000000000000000000011110>;
P_0x126624650 .param/l "T1L_TCK" 1 6 54, +C4<00000000000000000000000000011110>;
enum0x137807bd0 .enum4 (3)
   "IDLE" 3'b000,
   "LOAD" 3'b001,
   "LOAD2" 3'b010,
   "HI" 3'b011,
   "LO" 3'b100,
   "RST" 3'b101
 ;
L_0x1180402e0 .functor BUFT 1, C4<00000000000000000000000000000001>, C4<0>, C4<0>, C4<0>;
v0x126624a80_0 .net/2u *"_ivl_10", 31 0, L_0x1180402e0;  1 drivers
v0x126624b40_0 .net *"_ivl_12", 31 0, L_0x12663d200;  1 drivers
L_0x118040250 .functor BUFT 1, C4<00000000000000000000001001011000>, C4<0>, C4<0>, C4<0>;
v0x126624be0_0 .net/2u *"_ivl_2", 31 0, L_0x118040250;  1 drivers
v0x126624c70_0 .net *"_ivl_4", 31 0, L_0x12663cfe0;  1 drivers
L_0x118040298 .functor BUFT 1, C4<0000000000000000000000>, C4<0>, C4<0>, C4<0>;
v0x126624d00_0 .net *"_ivl_7", 21 0, L_0x118040298;  1 drivers
v0x126624dd0_0 .net *"_ivl_8", 31 0, L_0x12663d0c0;  1 drivers
v0x126624e80_0 .net "i_clk", 0 0, v0x12663b7d0_0;  alias, 1 drivers
v0x126624f10_0 .net "i_data", 7 0, L_0x12663cd00;  alias, 1 drivers
v0x126624fc0_0 .net "i_rst_n", 0 0, v0x12663be40_0;  alias, 1 drivers
v0x1266250f0_0 .net "i_start", 0 0, L_0x12663d410;  1 drivers
v0x126625180_0 .var "o_busy", 0 0;
v0x126625210_0 .net "o_debug_state", 7 0, L_0x12663ce80;  alias, 1 drivers
v0x1266252a0_0 .var "o_frame_done", 0 0;
v0x126625330_0 .var "o_neopixel_out", 0 0;
v0x1266253c0_0 .net "o_rd_addr", 9 0, L_0x12663d340;  alias, 1 drivers
v0x126625480_0 .var "r_bit_cnt", 2 0;
v0x126625520_0 .var "r_byte_cnt", 9 0;
v0x1266256d0_0 .var "r_clk_cnt", 15 0;
v0x126625780_0 .var "r_shift", 7 0;
v0x126625830_0 .var "r_state", 2 0;
L_0x12663ce80 .part v0x1266256d0_0, 8, 8;
L_0x12663cfe0 .concat [ 10 22 0 0], v0x126625520_0, L_0x118040298;
L_0x12663d0c0 .arith/sub 32, L_0x118040250, L_0x12663cfe0;
L_0x12663d200 .arith/sub 32, L_0x12663d0c0, L_0x1180402e0;
L_0x12663d340 .part L_0x12663d200, 0, 10;
S_0x1266267f0 .scope generate, "g_ch[1]" "g_ch[1]" 4 180, 4 180 0, S_0x126612e60;
 .timescale -9 -12;
P_0x1266269b0 .param/l "OFFSET" 1 4 182, +C4<00000000000000000000001001011000>;
P_0x1266269f0 .param/l "ch" 1 4 180, +C4<01>;
L_0x12663d890 .functor AND 1, L_0x1266454c0, L_0x12663d750, C4<1>, C4<1>;
L_0x12663dbe0 .functor AND 1, L_0x12663d890, L_0x12663daa0, C4<1>, C4<1>;
L_0x12663eb50 .functor BUFZ 1, v0x126628c00_0, C4<0>, C4<0>, C4<0>;
L_0x12663ebc0 .functor BUFZ 8, L_0x12663e480, C4<00000000>, C4<00000000>, C4<00000000>;
v0x126629260_0 .net *"_ivl_0", 31 0, L_0x12663d610;  1 drivers
v0x1266292f0_0 .net *"_ivl_10", 63 0, L_0x12663d980;  1 drivers
L_0x1180403b8 .functor BUFT 1, C4<0000000000000000000000000000000000000000000000000000>, C4<0>, C4<0>, C4<0>;
v0x126629380_0 .net *"_ivl_13", 51 0, L_0x1180403b8;  1 drivers
L_0x118040400 .functor BUFT 1, C4<0000000000000000000000000000000000000000000000000000010010110000>, C4<0>, C4<0>, C4<0>;
v0x126629410_0 .net/2u *"_ivl_14", 63 0, L_0x118040400;  1 drivers
v0x1266294a0_0 .net *"_ivl_16", 0 0, L_0x12663daa0;  1 drivers
v0x126629570_0 .net *"_ivl_20", 31 0, L_0x12663dd10;  1 drivers
L_0x118040448 .functor BUFT 1, C4<00000000000000000000>, C4<0>, C4<0>, C4<0>;
v0x126629600_0 .net *"_ivl_23", 19 0, L_0x118040448;  1 drivers
L_0x118040490 .functor BUFT 1, C4<00000000000000000000001001011000>, C4<0>, C4<0>, C4<0>;
v0x1266296b0_0 .net/2u *"_ivl_24", 31 0, L_0x118040490;  1 drivers
v0x126629760_0 .net *"_ivl_26", 31 0, L_0x12663df20;  1 drivers
L_0x118040328 .functor BUFT 1, C4<00000000000000000000>, C4<0>, C4<0>, C4<0>;
v0x126629870_0 .net *"_ivl_3", 19 0, L_0x118040328;  1 drivers
v0x126629920_0 .net *"_ivl_33", 0 0, L_0x12663eb50;  1 drivers
L_0x118040370 .functor BUFT 1, C4<00000000000000000000001001011000>, C4<0>, C4<0>, C4<0>;
v0x1266299d0_0 .net/2u *"_ivl_4", 31 0, L_0x118040370;  1 drivers
v0x126629a80_0 .net *"_ivl_6", 0 0, L_0x12663d750;  1 drivers
v0x126629b20_0 .net *"_ivl_9", 0 0, L_0x12663d890;  1 drivers
v0x126629bc0_0 .net "debug_state_local", 7 0, L_0x12663e480;  1 drivers
v0x126629c80_0 .net "neopix_out_local", 0 0, v0x126628c00_0;  1 drivers
v0x126629d10_0 .net "rd_addr_local", 9 0, L_0x12663e920;  1 drivers
v0x126629ee0_0 .net "rd_data_local", 7 0, L_0x12663e300;  1 drivers
v0x126629f70_0 .net "wr_addr_local", 9 0, L_0x12663e020;  1 drivers
v0x12662a000_0 .net "wr_en_local", 0 0, L_0x12663dbe0;  1 drivers
L_0x12663d610 .concat [ 12 20 0 0], v0x12663a7d0_0, L_0x118040328;
L_0x12663d750 .cmp/ge 32, L_0x12663d610, L_0x118040370;
L_0x12663d980 .concat [ 12 52 0 0], v0x12663a7d0_0, L_0x1180403b8;
L_0x12663daa0 .cmp/gt 64, L_0x118040400, L_0x12663d980;
L_0x12663dd10 .concat [ 12 20 0 0], v0x12663a7d0_0, L_0x118040448;
L_0x12663df20 .arith/sub 32, L_0x12663dd10, L_0x118040490;
L_0x12663e020 .part L_0x12663df20, 0, 10;
S_0x126626b10 .scope module, "u_buf" "double_buffer" 4 197, 5 17 0, S_0x1266267f0;
 .timescale -9 -12;
    .port_info 0 /INPUT 1 "i_clk";
    .port_info 1 /INPUT 1 "i_rst_n";
    .port_info 2 /INPUT 1 "i_wr_en";
    .port_info 3 /INPUT 10 "i_wr_addr";
    .port_info 4 /INPUT 8 "i_wr_data";
    .port_info 5 /INPUT 1 "i_swap";
    .port_info 6 /INPUT 10 "i_rd_addr";
    .port_info 7 /OUTPUT 8 "o_rd_data";
P_0x126626c80 .param/l "ADDR_WIDTH" 0 5 19, +C4<00000000000000000000000000001010>;
P_0x126626cc0 .param/l "LEDS" 0 5 18, +C4<00000000000000000000000011001000>;
v0x126626f20_0 .net *"_ivl_0", 31 0, L_0x12663e100;  1 drivers
L_0x1180404d8 .functor BUFT 1, C4<0000000000000000000000000000000>, C4<0>, C4<0>, C4<0>;
v0x126626fd0_0 .net *"_ivl_3", 30 0, L_0x1180404d8;  1 drivers
L_0x118040520 .functor BUFT 1, C4<00000000000000000000000000000000>, C4<0>, C4<0>, C4<0>;
v0x126627070_0 .net/2u *"_ivl_4", 31 0, L_0x118040520;  1 drivers
v0x126627100_0 .net *"_ivl_6", 0 0, L_0x12663e1e0;  1 drivers
v0x126627190_0 .net "i_clk", 0 0, v0x12663b7d0_0;  alias, 1 drivers
v0x1266272a0_0 .net "i_rd_addr", 9 0, L_0x12663e920;  alias, 1 drivers
v0x126627330_0 .net "i_rst_n", 0 0, v0x12663be40_0;  alias, 1 drivers
v0x126627400_0 .net "i_swap", 0 0, L_0x12663e3e0;  1 drivers
v0x126627490_0 .net "i_wr_addr", 9 0, L_0x12663e020;  alias, 1 drivers
v0x1266275a0_0 .net "i_wr_data", 7 0, L_0x126644250;  alias, 1 drivers
v0x126627630_0 .net "i_wr_en", 0 0, L_0x12663dbe0;  alias, 1 drivers
v0x1266276c0_0 .net "o_rd_data", 7 0, L_0x12663e300;  alias, 1 drivers
v0x126627750 .array "r_bufA", 599 0, 7 0;
v0x1266277e0 .array "r_bufB", 599 0, 7 0;
v0x126627870_0 .var "r_buf_sel", 0 0;
v0x126627900_0 .var "rdA", 7 0;
v0x1266279b0_0 .var "rdB", 7 0;
L_0x12663e100 .concat [ 1 31 0 0], v0x126627870_0, L_0x1180404d8;
L_0x12663e1e0 .cmp/eq 32, L_0x12663e100, L_0x118040520;
L_0x12663e300 .functor MUXZ 8, v0x126627900_0, v0x1266279b0_0, L_0x12663e1e0, C4<>;
S_0x126627c20 .scope module, "u_drv" "neopixel_driver" 4 214, 6 23 0, S_0x1266267f0;
 .timescale -9 -12;
    .port_info 0 /INPUT 1 "i_clk";
    .port_info 1 /INPUT 1 "i_rst_n";
    .port_info 2 /INPUT 1 "i_start";
    .port_info 3 /OUTPUT 1 "o_busy";
    .port_info 4 /OUTPUT 10 "o_rd_addr";
    .port_info 5 /INPUT 8 "i_data";
    .port_info 6 /OUTPUT 1 "o_neopixel_out";
    .port_info 7 /OUTPUT 1 "o_frame_done";
    .port_info 8 /OUTPUT 8 "o_debug_state";
P_0x126627d90 .param/l "CLK_HZ" 0 6 25, +C4<00000010111110101111000010000000>;
P_0x126627dd0 .param/l "LEDS" 0 6 24, +C4<00000000000000000000000011001000>;
P_0x126627e10 .param/l "RST_TCK" 1 6 55, +C4<00000000000000000000100111000100>;
P_0x126627e50 .param/l "T0H_TCK" 1 6 51, +C4<00000000000000000000000000001111>;
P_0x126627e90 .param/l "T0L_TCK" 1 6 52, +C4<00000000000000000000000000101101>;
P_0x126627ed0 .param/l "T1H_TCK" 1 6 53, +C4<00000000000000000000000000011110>;
P_0x126627f10 .param/l "T1L_TCK" 1 6 54, +C4<00000000000000000000000000011110>;
enum0x1378091a0 .enum4 (3)
   "IDLE" 3'b000,
   "LOAD" 3'b001,
   "LOAD2" 3'b010,
   "HI" 3'b011,
   "LO" 3'b100,
   "RST" 3'b101
 ;
L_0x1180405f8 .functor BUFT 1, C4<00000000000000000000000000000001>, C4<0>, C4<0>, C4<0>;
v0x126628340_0 .net/2u *"_ivl_10", 31 0, L_0x1180405f8;  1 drivers
v0x126628400_0 .net *"_ivl_12", 31 0, L_0x12663e7e0;  1 drivers
L_0x118040568 .functor BUFT 1, C4<00000000000000000000001001011000>, C4<0>, C4<0>, C4<0>;
v0x1266284a0_0 .net/2u *"_ivl_2", 31 0, L_0x118040568;  1 drivers
v0x126628530_0 .net *"_ivl_4", 31 0, L_0x12663e560;  1 drivers
L_0x1180405b0 .functor BUFT 1, C4<0000000000000000000000>, C4<0>, C4<0>, C4<0>;
v0x1266285c0_0 .net *"_ivl_7", 21 0, L_0x1180405b0;  1 drivers
v0x126628690_0 .net *"_ivl_8", 31 0, L_0x12663e6a0;  1 drivers
v0x126628740_0 .net "i_clk", 0 0, v0x12663b7d0_0;  alias, 1 drivers
v0x1266287d0_0 .net "i_data", 7 0, L_0x12663e300;  alias, 1 drivers
v0x126628870_0 .net "i_rst_n", 0 0, v0x12663be40_0;  alias, 1 drivers
v0x126628980_0 .net "i_start", 0 0, L_0x12663ea30;  1 drivers
v0x126628a10_0 .var "o_busy", 0 0;
v0x126628ab0_0 .net "o_debug_state", 7 0, L_0x12663e480;  alias, 1 drivers
v0x126628b60_0 .var "o_frame_done", 0 0;
v0x126628c00_0 .var "o_neopixel_out", 0 0;
v0x126628ca0_0 .net "o_rd_addr", 9 0, L_0x12663e920;  alias, 1 drivers
v0x126628d60_0 .var "r_bit_cnt", 2 0;
v0x126628df0_0 .var "r_byte_cnt", 9 0;
v0x126628f80_0 .var "r_clk_cnt", 15 0;
v0x126629020_0 .var "r_shift", 7 0;
v0x1266290d0_0 .var "r_state", 2 0;
L_0x12663e480 .part v0x126628f80_0, 8, 8;
L_0x12663e560 .concat [ 10 22 0 0], v0x126628df0_0, L_0x1180405b0;
L_0x12663e6a0 .arith/sub 32, L_0x118040568, L_0x12663e560;
L_0x12663e7e0 .arith/sub 32, L_0x12663e6a0, L_0x1180405f8;
L_0x12663e920 .part L_0x12663e7e0, 0, 10;
S_0x12662a090 .scope generate, "g_ch[2]" "g_ch[2]" 4 180, 4 180 0, S_0x126612e60;
 .timescale -9 -12;
P_0x12662a250 .param/l "OFFSET" 1 4 182, +C4<00000000000000000000010010110000>;
P_0x12662a290 .param/l "ch" 1 4 180, +C4<010>;
L_0x12663ee50 .functor AND 1, L_0x1266454c0, L_0x12663ed10, C4<1>, C4<1>;
L_0x12663f200 .functor AND 1, L_0x12663ee50, L_0x12663f0e0, C4<1>, C4<1>;
L_0x126640170 .functor BUFZ 1, v0x12662c500_0, C4<0>, C4<0>, C4<0>;
L_0x126640220 .functor BUFZ 8, L_0x12663fa60, C4<00000000>, C4<00000000>, C4<00000000>;
v0x12662cb60_0 .net *"_ivl_0", 31 0, L_0x12663ec30;  1 drivers
v0x12662cbf0_0 .net *"_ivl_10", 63 0, L_0x12663ef00;  1 drivers
L_0x1180406d0 .functor BUFT 1, C4<0000000000000000000000000000000000000000000000000000>, C4<0>, C4<0>, C4<0>;
v0x12662cc80_0 .net *"_ivl_13", 51 0, L_0x1180406d0;  1 drivers
L_0x118040718 .functor BUFT 1, C4<0000000000000000000000000000000000000000000000000000011100001000>, C4<0>, C4<0>, C4<0>;
v0x12662cd10_0 .net/2u *"_ivl_14", 63 0, L_0x118040718;  1 drivers
v0x12662cda0_0 .net *"_ivl_16", 0 0, L_0x12663f0e0;  1 drivers
v0x12662ce70_0 .net *"_ivl_20", 31 0, L_0x12663f330;  1 drivers
L_0x118040760 .functor BUFT 1, C4<00000000000000000000>, C4<0>, C4<0>, C4<0>;
v0x12662cf00_0 .net *"_ivl_23", 19 0, L_0x118040760;  1 drivers
L_0x1180407a8 .functor BUFT 1, C4<00000000000000000000010010110000>, C4<0>, C4<0>, C4<0>;
v0x12662cfb0_0 .net/2u *"_ivl_24", 31 0, L_0x1180407a8;  1 drivers
v0x12662d060_0 .net *"_ivl_26", 31 0, L_0x12663f440;  1 drivers
L_0x118040640 .functor BUFT 1, C4<00000000000000000000>, C4<0>, C4<0>, C4<0>;
v0x12662d170_0 .net *"_ivl_3", 19 0, L_0x118040640;  1 drivers
v0x12662d220_0 .net *"_ivl_33", 0 0, L_0x126640170;  1 drivers
L_0x118040688 .functor BUFT 1, C4<00000000000000000000010010110000>, C4<0>, C4<0>, C4<0>;
v0x12662d2d0_0 .net/2u *"_ivl_4", 31 0, L_0x118040688;  1 drivers
v0x12662d380_0 .net *"_ivl_6", 0 0, L_0x12663ed10;  1 drivers
v0x12662d420_0 .net *"_ivl_9", 0 0, L_0x12663ee50;  1 drivers
v0x12662d4c0_0 .net "debug_state_local", 7 0, L_0x12663fa60;  1 drivers
v0x12662d580_0 .net "neopix_out_local", 0 0, v0x12662c500_0;  1 drivers
v0x12662d610_0 .net "rd_addr_local", 9 0, L_0x12663ffc0;  1 drivers
v0x12662d7e0_0 .net "rd_data_local", 7 0, L_0x12663f8e0;  1 drivers
v0x12662d870_0 .net "wr_addr_local", 9 0, L_0x12663f580;  1 drivers
v0x12662d900_0 .net "wr_en_local", 0 0, L_0x12663f200;  1 drivers
L_0x12663ec30 .concat [ 12 20 0 0], v0x12663a7d0_0, L_0x118040640;
L_0x12663ed10 .cmp/ge 32, L_0x12663ec30, L_0x118040688;
L_0x12663ef00 .concat [ 12 52 0 0], v0x12663a7d0_0, L_0x1180406d0;
L_0x12663f0e0 .cmp/gt 64, L_0x118040718, L_0x12663ef00;
L_0x12663f330 .concat [ 12 20 0 0], v0x12663a7d0_0, L_0x118040760;
L_0x12663f440 .arith/sub 32, L_0x12663f330, L_0x1180407a8;
L_0x12663f580 .part L_0x12663f440, 0, 10;
S_0x12662a3d0 .scope module, "u_buf" "double_buffer" 4 197, 5 17 0, S_0x12662a090;
 .timescale -9 -12;
    .port_info 0 /INPUT 1 "i_clk";
    .port_info 1 /INPUT 1 "i_rst_n";
    .port_info 2 /INPUT 1 "i_wr_en";
    .port_info 3 /INPUT 10 "i_wr_addr";
    .port_info 4 /INPUT 8 "i_wr_data";
    .port_info 5 /INPUT 1 "i_swap";
    .port_info 6 /INPUT 10 "i_rd_addr";
    .port_info 7 /OUTPUT 8 "o_rd_data";
P_0x12662a540 .param/l "ADDR_WIDTH" 0 5 19, +C4<00000000000000000000000000001010>;
P_0x12662a580 .param/l "LEDS" 0 5 18, +C4<00000000000000000000000011001000>;
v0x12662a7e0_0 .net *"_ivl_0", 31 0, L_0x12663f6e0;  1 drivers
L_0x1180407f0 .functor BUFT 1, C4<0000000000000000000000000000000>, C4<0>, C4<0>, C4<0>;
v0x12662a880_0 .net *"_ivl_3", 30 0, L_0x1180407f0;  1 drivers
L_0x118040838 .functor BUFT 1, C4<00000000000000000000000000000000>, C4<0>, C4<0>, C4<0>;
v0x12662a920_0 .net/2u *"_ivl_4", 31 0, L_0x118040838;  1 drivers
v0x12662a9b0_0 .net *"_ivl_6", 0 0, L_0x12663f7c0;  1 drivers
v0x12662aa40_0 .net "i_clk", 0 0, v0x12663b7d0_0;  alias, 1 drivers
v0x12662ab90_0 .net "i_rd_addr", 9 0, L_0x12663ffc0;  alias, 1 drivers
v0x12662ac20_0 .net "i_rst_n", 0 0, v0x12663be40_0;  alias, 1 drivers
v0x12662ad30_0 .net "i_swap", 0 0, L_0x12663f9c0;  1 drivers
v0x12662adc0_0 .net "i_wr_addr", 9 0, L_0x12663f580;  alias, 1 drivers
v0x12662aed0_0 .net "i_wr_data", 7 0, L_0x126644250;  alias, 1 drivers
v0x12662af60_0 .net "i_wr_en", 0 0, L_0x12663f200;  alias, 1 drivers
v0x12662aff0_0 .net "o_rd_data", 7 0, L_0x12663f8e0;  alias, 1 drivers
v0x12662b080 .array "r_bufA", 599 0, 7 0;
v0x12662b110 .array "r_bufB", 599 0, 7 0;
v0x12662b1a0_0 .var "r_buf_sel", 0 0;
v0x12662b230_0 .var "rdA", 7 0;
v0x12662b2d0_0 .var "rdB", 7 0;
L_0x12663f6e0 .concat [ 1 31 0 0], v0x12662b1a0_0, L_0x1180407f0;
L_0x12663f7c0 .cmp/eq 32, L_0x12663f6e0, L_0x118040838;
L_0x12663f8e0 .functor MUXZ 8, v0x12662b230_0, v0x12662b2d0_0, L_0x12663f7c0, C4<>;
S_0x12662b520 .scope module, "u_drv" "neopixel_driver" 4 214, 6 23 0, S_0x12662a090;
 .timescale -9 -12;
    .port_info 0 /INPUT 1 "i_clk";
    .port_info 1 /INPUT 1 "i_rst_n";
    .port_info 2 /INPUT 1 "i_start";
    .port_info 3 /OUTPUT 1 "o_busy";
    .port_info 4 /OUTPUT 10 "o_rd_addr";
    .port_info 5 /INPUT 8 "i_data";
    .port_info 6 /OUTPUT 1 "o_neopixel_out";
    .port_info 7 /OUTPUT 1 "o_frame_done";
    .port_info 8 /OUTPUT 8 "o_debug_state";
P_0x12662b690 .param/l "CLK_HZ" 0 6 25, +C4<00000010111110101111000010000000>;
P_0x12662b6d0 .param/l "LEDS" 0 6 24, +C4<00000000000000000000000011001000>;
P_0x12662b710 .param/l "RST_TCK" 1 6 55, +C4<00000000000000000000100111000100>;
P_0x12662b750 .param/l "T0H_TCK" 1 6 51, +C4<00000000000000000000000000001111>;
P_0x12662b790 .param/l "T0L_TCK" 1 6 52, +C4<00000000000000000000000000101101>;
P_0x12662b7d0 .param/l "T1H_TCK" 1 6 53, +C4<00000000000000000000000000011110>;
P_0x12662b810 .param/l "T1L_TCK" 1 6 54, +C4<00000000000000000000000000011110>;
enum0x13780a780 .enum4 (3)
   "IDLE" 3'b000,
   "LOAD" 3'b001,
   "LOAD2" 3'b010,
   "HI" 3'b011,
   "LO" 3'b100,
   "RST" 3'b101
 ;
L_0x118040910 .functor BUFT 1, C4<00000000000000000000000000000001>, C4<0>, C4<0>, C4<0>;
v0x12662bc40_0 .net/2u *"_ivl_10", 31 0, L_0x118040910;  1 drivers
v0x12662bd00_0 .net *"_ivl_12", 31 0, L_0x12663de20;  1 drivers
L_0x118040880 .functor BUFT 1, C4<00000000000000000000001001011000>, C4<0>, C4<0>, C4<0>;
v0x12662bda0_0 .net/2u *"_ivl_2", 31 0, L_0x118040880;  1 drivers
v0x12662be30_0 .net *"_ivl_4", 31 0, L_0x12663fb40;  1 drivers
L_0x1180408c8 .functor BUFT 1, C4<0000000000000000000000>, C4<0>, C4<0>, C4<0>;
v0x12662bec0_0 .net *"_ivl_7", 21 0, L_0x1180408c8;  1 drivers
v0x12662bf90_0 .net *"_ivl_8", 31 0, L_0x12663fc40;  1 drivers
v0x12662c040_0 .net "i_clk", 0 0, v0x12663b7d0_0;  alias, 1 drivers
v0x12662c0d0_0 .net "i_data", 7 0, L_0x12663f8e0;  alias, 1 drivers
v0x12662c170_0 .net "i_rst_n", 0 0, v0x12663be40_0;  alias, 1 drivers
v0x12662c280_0 .net "i_start", 0 0, L_0x1266400d0;  1 drivers
v0x12662c310_0 .var "o_busy", 0 0;
v0x12662c3b0_0 .net "o_debug_state", 7 0, L_0x12663fa60;  alias, 1 drivers
v0x12662c460_0 .var "o_frame_done", 0 0;
v0x12662c500_0 .var "o_neopixel_out", 0 0;
v0x12662c5a0_0 .net "o_rd_addr", 9 0, L_0x12663ffc0;  alias, 1 drivers
v0x12662c660_0 .var "r_bit_cnt", 2 0;
v0x12662c6f0_0 .var "r_byte_cnt", 9 0;
v0x12662c880_0 .var "r_clk_cnt", 15 0;
v0x12662c920_0 .var "r_shift", 7 0;
v0x12662c9d0_0 .var "r_state", 2 0;
L_0x12663fa60 .part v0x12662c880_0, 8, 8;
L_0x12663fb40 .concat [ 10 22 0 0], v0x12662c6f0_0, L_0x1180408c8;
L_0x12663fc40 .arith/sub 32, L_0x118040880, L_0x12663fb40;
L_0x12663de20 .arith/sub 32, L_0x12663fc40, L_0x118040910;
L_0x12663ffc0 .part L_0x12663de20, 0, 10;
S_0x12662d990 .scope generate, "g_ch[3]" "g_ch[3]" 4 180, 4 180 0, S_0x126612e60;
 .timescale -9 -12;
P_0x12662db50 .param/l "OFFSET" 1 4 182, +C4<00000000000000000000011100001000>;
P_0x12662db90 .param/l "ch" 1 4 180, +C4<011>;
L_0x1266404d0 .functor AND 1, L_0x1266454c0, L_0x126640390, C4<1>, C4<1>;
L_0x126640840 .functor AND 1, L_0x1266404d0, L_0x126640700, C4<1>, C4<1>;
L_0x1266417a0 .functor BUFZ 1, v0x12662fd50_0, C4<0>, C4<0>, C4<0>;
L_0x126641810 .functor BUFZ 8, L_0x1266410a0, C4<00000000>, C4<00000000>, C4<00000000>;
v0x1266303b0_0 .net *"_ivl_0", 31 0, L_0x126640290;  1 drivers
v0x126630440_0 .net *"_ivl_10", 63 0, L_0x1266405c0;  1 drivers
L_0x1180409e8 .functor BUFT 1, C4<0000000000000000000000000000000000000000000000000000>, C4<0>, C4<0>, C4<0>;
v0x1266304d0_0 .net *"_ivl_13", 51 0, L_0x1180409e8;  1 drivers
L_0x118040a30 .functor BUFT 1, C4<0000000000000000000000000000000000000000000000000000100101100000>, C4<0>, C4<0>, C4<0>;
v0x126630560_0 .net/2u *"_ivl_14", 63 0, L_0x118040a30;  1 drivers
v0x1266305f0_0 .net *"_ivl_16", 0 0, L_0x126640700;  1 drivers
v0x1266306c0_0 .net *"_ivl_20", 31 0, L_0x126640970;  1 drivers
L_0x118040a78 .functor BUFT 1, C4<00000000000000000000>, C4<0>, C4<0>, C4<0>;
v0x126630750_0 .net *"_ivl_23", 19 0, L_0x118040a78;  1 drivers
L_0x118040ac0 .functor BUFT 1, C4<00000000000000000000011100001000>, C4<0>, C4<0>, C4<0>;
v0x126630800_0 .net/2u *"_ivl_24", 31 0, L_0x118040ac0;  1 drivers
v0x1266308b0_0 .net *"_ivl_26", 31 0, L_0x126640a80;  1 drivers
L_0x118040958 .functor BUFT 1, C4<00000000000000000000>, C4<0>, C4<0>, C4<0>;
v0x1266309c0_0 .net *"_ivl_3", 19 0, L_0x118040958;  1 drivers
v0x126630a70_0 .net *"_ivl_33", 0 0, L_0x1266417a0;  1 drivers
L_0x1180409a0 .functor BUFT 1, C4<00000000000000000000011100001000>, C4<0>, C4<0>, C4<0>;
v0x126630b20_0 .net/2u *"_ivl_4", 31 0, L_0x1180409a0;  1 drivers
v0x126630bd0_0 .net *"_ivl_6", 0 0, L_0x126640390;  1 drivers
v0x126630c70_0 .net *"_ivl_9", 0 0, L_0x1266404d0;  1 drivers
v0x126630d10_0 .net "debug_state_local", 7 0, L_0x1266410a0;  1 drivers
v0x126630dd0_0 .net "neopix_out_local", 0 0, v0x12662fd50_0;  1 drivers
v0x126630e60_0 .net "rd_addr_local", 9 0, L_0x126641520;  1 drivers
v0x126631030_0 .net "rd_data_local", 7 0, L_0x126640ee0;  1 drivers
v0x1266310c0_0 .net "wr_addr_local", 9 0, L_0x126640b80;  1 drivers
v0x126631150_0 .net "wr_en_local", 0 0, L_0x126640840;  1 drivers
L_0x126640290 .concat [ 12 20 0 0], v0x12663a7d0_0, L_0x118040958;
L_0x126640390 .cmp/ge 32, L_0x126640290, L_0x1180409a0;
L_0x1266405c0 .concat [ 12 52 0 0], v0x12663a7d0_0, L_0x1180409e8;
L_0x126640700 .cmp/gt 64, L_0x118040a30, L_0x1266405c0;
L_0x126640970 .concat [ 12 20 0 0], v0x12663a7d0_0, L_0x118040a78;
L_0x126640a80 .arith/sub 32, L_0x126640970, L_0x118040ac0;
L_0x126640b80 .part L_0x126640a80, 0, 10;
S_0x12662dcb0 .scope module, "u_buf" "double_buffer" 4 197, 5 17 0, S_0x12662d990;
 .timescale -9 -12;
    .port_info 0 /INPUT 1 "i_clk";
    .port_info 1 /INPUT 1 "i_rst_n";
    .port_info 2 /INPUT 1 "i_wr_en";
    .port_info 3 /INPUT 10 "i_wr_addr";
    .port_info 4 /INPUT 8 "i_wr_data";
    .port_info 5 /INPUT 1 "i_swap";
    .port_info 6 /INPUT 10 "i_rd_addr";
    .port_info 7 /OUTPUT 8 "o_rd_data";
P_0x12662de20 .param/l "ADDR_WIDTH" 0 5 19, +C4<00000000000000000000000000001010>;
P_0x12662de60 .param/l "LEDS" 0 5 18, +C4<00000000000000000000000011001000>;
v0x12662e0c0_0 .net *"_ivl_0", 31 0, L_0x126640ce0;  1 drivers
L_0x118040b08 .functor BUFT 1, C4<0000000000000000000000000000000>, C4<0>, C4<0>, C4<0>;
v0x12662e170_0 .net *"_ivl_3", 30 0, L_0x118040b08;  1 drivers
L_0x118040b50 .functor BUFT 1, C4<00000000000000000000000000000000>, C4<0>, C4<0>, C4<0>;
v0x12662e210_0 .net/2u *"_ivl_4", 31 0, L_0x118040b50;  1 drivers
v0x12662e2a0_0 .net *"_ivl_6", 0 0, L_0x126640dc0;  1 drivers
v0x12662e330_0 .net "i_clk", 0 0, v0x12663b7d0_0;  alias, 1 drivers
v0x12662e400_0 .net "i_rd_addr", 9 0, L_0x126641520;  alias, 1 drivers
v0x12662e490_0 .net "i_rst_n", 0 0, v0x12663be40_0;  alias, 1 drivers
v0x12662e520_0 .net "i_swap", 0 0, L_0x126640fc0;  1 drivers
v0x12662e5b0_0 .net "i_wr_addr", 9 0, L_0x126640b80;  alias, 1 drivers
v0x12662e6c0_0 .net "i_wr_data", 7 0, L_0x126644250;  alias, 1 drivers
v0x12662e760_0 .net "i_wr_en", 0 0, L_0x126640840;  alias, 1 drivers
v0x12662e800_0 .net "o_rd_data", 7 0, L_0x126640ee0;  alias, 1 drivers
v0x12662e8b0 .array "r_bufA", 599 0, 7 0;
v0x12662e950 .array "r_bufB", 599 0, 7 0;
v0x12662e9f0_0 .var "r_buf_sel", 0 0;
v0x12662ea90_0 .var "rdA", 7 0;
v0x12662eb40_0 .var "rdB", 7 0;
L_0x126640ce0 .concat [ 1 31 0 0], v0x12662e9f0_0, L_0x118040b08;
L_0x126640dc0 .cmp/eq 32, L_0x126640ce0, L_0x118040b50;
L_0x126640ee0 .functor MUXZ 8, v0x12662ea90_0, v0x12662eb40_0, L_0x126640dc0, C4<>;
S_0x12662ed70 .scope module, "u_drv" "neopixel_driver" 4 214, 6 23 0, S_0x12662d990;
 .timescale -9 -12;
    .port_info 0 /INPUT 1 "i_clk";
    .port_info 1 /INPUT 1 "i_rst_n";
    .port_info 2 /INPUT 1 "i_start";
    .port_info 3 /OUTPUT 1 "o_busy";
    .port_info 4 /OUTPUT 10 "o_rd_addr";
    .port_info 5 /INPUT 8 "i_data";
    .port_info 6 /OUTPUT 1 "o_neopixel_out";
    .port_info 7 /OUTPUT 1 "o_frame_done";
    .port_info 8 /OUTPUT 8 "o_debug_state";
P_0x12662eee0 .param/l "CLK_HZ" 0 6 25, +C4<00000010111110101111000010000000>;
P_0x12662ef20 .param/l "LEDS" 0 6 24, +C4<00000000000000000000000011001000>;
P_0x12662ef60 .param/l "RST_TCK" 1 6 55, +C4<00000000000000000000100111000100>;
P_0x12662efa0 .param/l "T0H_TCK" 1 6 51, +C4<00000000000000000000000000001111>;
P_0x12662efe0 .param/l "T0L_TCK" 1 6 52, +C4<00000000000000000000000000101101>;
P_0x12662f020 .param/l "T1H_TCK" 1 6 53, +C4<00000000000000000000000000011110>;
P_0x12662f060 .param/l "T1L_TCK" 1 6 54, +C4<00000000000000000000000000011110>;
enum0x13780bd60 .enum4 (3)
   "IDLE" 3'b000,
   "LOAD" 3'b001,
   "LOAD2" 3'b010,
   "HI" 3'b011,
   "LO" 3'b100,
   "RST" 3'b101
 ;
L_0x118040c28 .functor BUFT 1, C4<00000000000000000000000000000001>, C4<0>, C4<0>, C4<0>;
v0x12662f490_0 .net/2u *"_ivl_10", 31 0, L_0x118040c28;  1 drivers
v0x12662f550_0 .net *"_ivl_12", 31 0, L_0x1266413e0;  1 drivers
L_0x118040b98 .functor BUFT 1, C4<00000000000000000000001001011000>, C4<0>, C4<0>, C4<0>;
v0x12662f5f0_0 .net/2u *"_ivl_2", 31 0, L_0x118040b98;  1 drivers
v0x12662f680_0 .net *"_ivl_4", 31 0, L_0x126641180;  1 drivers
L_0x118040be0 .functor BUFT 1, C4<0000000000000000000000>, C4<0>, C4<0>, C4<0>;
v0x12662f710_0 .net *"_ivl_7", 21 0, L_0x118040be0;  1 drivers
v0x12662f7e0_0 .net *"_ivl_8", 31 0, L_0x1266412a0;  1 drivers
v0x12662f890_0 .net "i_clk", 0 0, v0x12663b7d0_0;  alias, 1 drivers
v0x12662f920_0 .net "i_data", 7 0, L_0x126640ee0;  alias, 1 drivers
v0x12662f9c0_0 .net "i_rst_n", 0 0, v0x12663be40_0;  alias, 1 drivers
v0x12662fad0_0 .net "i_start", 0 0, L_0x126641600;  1 drivers
v0x12662fb60_0 .var "o_busy", 0 0;
v0x12662fc00_0 .net "o_debug_state", 7 0, L_0x1266410a0;  alias, 1 drivers
v0x12662fcb0_0 .var "o_frame_done", 0 0;
v0x12662fd50_0 .var "o_neopixel_out", 0 0;
v0x12662fdf0_0 .net "o_rd_addr", 9 0, L_0x126641520;  alias, 1 drivers
v0x12662feb0_0 .var "r_bit_cnt", 2 0;
v0x12662ff40_0 .var "r_byte_cnt", 9 0;
v0x1266300d0_0 .var "r_clk_cnt", 15 0;
v0x126630170_0 .var "r_shift", 7 0;
v0x126630220_0 .var "r_state", 2 0;
L_0x1266410a0 .part v0x1266300d0_0, 8, 8;
L_0x126641180 .concat [ 10 22 0 0], v0x12662ff40_0, L_0x118040be0;
L_0x1266412a0 .arith/sub 32, L_0x118040b98, L_0x126641180;
L_0x1266413e0 .arith/sub 32, L_0x1266412a0, L_0x118040c28;
L_0x126641520 .part L_0x1266413e0, 0, 10;
S_0x1266311e0 .scope generate, "g_ch[4]" "g_ch[4]" 4 180, 4 180 0, S_0x126612e60;
 .timescale -9 -12;
P_0x1266313a0 .param/l "OFFSET" 1 4 182, +C4<00000000000000000000100101100000>;
P_0x1266313e0 .param/l "ch" 1 4 180, +C4<0100>;
L_0x126641a80 .functor AND 1, L_0x1266454c0, L_0x126641960, C4<1>, C4<1>;
L_0x126641db0 .functor AND 1, L_0x126641a80, L_0x126641c70, C4<1>, C4<1>;
L_0x126642c30 .functor BUFZ 1, v0x126633700_0, C4<0>, C4<0>, C4<0>;
L_0x126642ce0 .functor BUFZ 8, L_0x126642620, C4<00000000>, C4<00000000>, C4<00000000>;
v0x126633d60_0 .net *"_ivl_0", 31 0, L_0x126641880;  1 drivers
v0x126633df0_0 .net *"_ivl_10", 63 0, L_0x126641b30;  1 drivers
L_0x118040d00 .functor BUFT 1, C4<0000000000000000000000000000000000000000000000000000>, C4<0>, C4<0>, C4<0>;
v0x126633e80_0 .net *"_ivl_13", 51 0, L_0x118040d00;  1 drivers
L_0x118040d48 .functor BUFT 1, C4<0000000000000000000000000000000000000000000000000000101110111000>, C4<0>, C4<0>, C4<0>;
v0x126633f10_0 .net/2u *"_ivl_14", 63 0, L_0x118040d48;  1 drivers
v0x126633fa0_0 .net *"_ivl_16", 0 0, L_0x126641c70;  1 drivers
v0x126634070_0 .net *"_ivl_20", 31 0, L_0x126641ee0;  1 drivers
L_0x118040d90 .functor BUFT 1, C4<00000000000000000000>, C4<0>, C4<0>, C4<0>;
v0x126634100_0 .net *"_ivl_23", 19 0, L_0x118040d90;  1 drivers
L_0x118040dd8 .functor BUFT 1, C4<00000000000000000000100101100000>, C4<0>, C4<0>, C4<0>;
v0x1266341b0_0 .net/2u *"_ivl_24", 31 0, L_0x118040dd8;  1 drivers
v0x126634260_0 .net *"_ivl_26", 31 0, L_0x126641ff0;  1 drivers
L_0x118040c70 .functor BUFT 1, C4<00000000000000000000>, C4<0>, C4<0>, C4<0>;
v0x126634370_0 .net *"_ivl_3", 19 0, L_0x118040c70;  1 drivers
v0x126634420_0 .net *"_ivl_33", 0 0, L_0x126642c30;  1 drivers
L_0x118040cb8 .functor BUFT 1, C4<00000000000000000000100101100000>, C4<0>, C4<0>, C4<0>;
v0x1266344d0_0 .net/2u *"_ivl_4", 31 0, L_0x118040cb8;  1 drivers
v0x126634580_0 .net *"_ivl_6", 0 0, L_0x126641960;  1 drivers
v0x126634620_0 .net *"_ivl_9", 0 0, L_0x126641a80;  1 drivers
v0x1266346c0_0 .net "debug_state_local", 7 0, L_0x126642620;  1 drivers
v0x126634780_0 .net "neopix_out_local", 0 0, v0x126633700_0;  1 drivers
v0x126634810_0 .net "rd_addr_local", 9 0, L_0x126642a80;  1 drivers
v0x1266349e0_0 .net "rd_data_local", 7 0, L_0x126642450;  1 drivers
v0x126634a70_0 .net "wr_addr_local", 9 0, L_0x1266420f0;  1 drivers
v0x126634b00_0 .net "wr_en_local", 0 0, L_0x126641db0;  1 drivers
L_0x126641880 .concat [ 12 20 0 0], v0x12663a7d0_0, L_0x118040c70;
L_0x126641960 .cmp/ge 32, L_0x126641880, L_0x118040cb8;
L_0x126641b30 .concat [ 12 52 0 0], v0x12663a7d0_0, L_0x118040d00;
L_0x126641c70 .cmp/gt 64, L_0x118040d48, L_0x126641b30;
L_0x126641ee0 .concat [ 12 20 0 0], v0x12663a7d0_0, L_0x118040d90;
L_0x126641ff0 .arith/sub 32, L_0x126641ee0, L_0x118040dd8;
L_0x1266420f0 .part L_0x126641ff0, 0, 10;
S_0x126631520 .scope module, "u_buf" "double_buffer" 4 197, 5 17 0, S_0x1266311e0;
 .timescale -9 -12;
    .port_info 0 /INPUT 1 "i_clk";
    .port_info 1 /INPUT 1 "i_rst_n";
    .port_info 2 /INPUT 1 "i_wr_en";
    .port_info 3 /INPUT 10 "i_wr_addr";
    .port_info 4 /INPUT 8 "i_wr_data";
    .port_info 5 /INPUT 1 "i_swap";
    .port_info 6 /INPUT 10 "i_rd_addr";
    .port_info 7 /OUTPUT 8 "o_rd_data";
P_0x126631690 .param/l "ADDR_WIDTH" 0 5 19, +C4<00000000000000000000000000001010>;
P_0x1266316d0 .param/l "LEDS" 0 5 18, +C4<00000000000000000000000011001000>;
v0x126631930_0 .net *"_ivl_0", 31 0, L_0x126642250;  1 drivers
L_0x118040e20 .functor BUFT 1, C4<0000000000000000000000000000000>, C4<0>, C4<0>, C4<0>;
v0x1266319e0_0 .net *"_ivl_3", 30 0, L_0x118040e20;  1 drivers
L_0x118040e68 .functor BUFT 1, C4<00000000000000000000000000000000>, C4<0>, C4<0>, C4<0>;
v0x126631a80_0 .net/2u *"_ivl_4", 31 0, L_0x118040e68;  1 drivers
v0x126631b10_0 .net *"_ivl_6", 0 0, L_0x126642330;  1 drivers
v0x126631ba0_0 .net "i_clk", 0 0, v0x12663b7d0_0;  alias, 1 drivers
v0x126631d70_0 .net "i_rd_addr", 9 0, L_0x126642a80;  alias, 1 drivers
v0x126631e00_0 .net "i_rst_n", 0 0, v0x12663be40_0;  alias, 1 drivers
v0x126631f90_0 .net "i_swap", 0 0, L_0x126642530;  1 drivers
v0x126632020_0 .net "i_wr_addr", 9 0, L_0x1266420f0;  alias, 1 drivers
v0x1266320b0_0 .net "i_wr_data", 7 0, L_0x126644250;  alias, 1 drivers
v0x1266321c0_0 .net "i_wr_en", 0 0, L_0x126641db0;  alias, 1 drivers
v0x126632250_0 .net "o_rd_data", 7 0, L_0x126642450;  alias, 1 drivers
v0x1266322e0 .array "r_bufA", 599 0, 7 0;
v0x126632370 .array "r_bufB", 599 0, 7 0;
v0x126632400_0 .var "r_buf_sel", 0 0;
v0x126632490_0 .var "rdA", 7 0;
v0x126632520_0 .var "rdB", 7 0;
L_0x126642250 .concat [ 1 31 0 0], v0x126632400_0, L_0x118040e20;
L_0x126642330 .cmp/eq 32, L_0x126642250, L_0x118040e68;
L_0x126642450 .functor MUXZ 8, v0x126632490_0, v0x126632520_0, L_0x126642330, C4<>;
S_0x126632720 .scope module, "u_drv" "neopixel_driver" 4 214, 6 23 0, S_0x1266311e0;
 .timescale -9 -12;
    .port_info 0 /INPUT 1 "i_clk";
    .port_info 1 /INPUT 1 "i_rst_n";
    .port_info 2 /INPUT 1 "i_start";
    .port_info 3 /OUTPUT 1 "o_busy";
    .port_info 4 /OUTPUT 10 "o_rd_addr";
    .port_info 5 /INPUT 8 "i_data";
    .port_info 6 /OUTPUT 1 "o_neopixel_out";
    .port_info 7 /OUTPUT 1 "o_frame_done";
    .port_info 8 /OUTPUT 8 "o_debug_state";
P_0x126632890 .param/l "CLK_HZ" 0 6 25, +C4<00000010111110101111000010000000>;
P_0x1266328d0 .param/l "LEDS" 0 6 24, +C4<00000000000000000000000011001000>;
P_0x126632910 .param/l "RST_TCK" 1 6 55, +C4<00000000000000000000100111000100>;
P_0x126632950 .param/l "T0H_TCK" 1 6 51, +C4<00000000000000000000000000001111>;
P_0x126632990 .param/l "T0L_TCK" 1 6 52, +C4<00000000000000000000000000101101>;
P_0x1266329d0 .param/l "T1H_TCK" 1 6 53, +C4<00000000000000000000000000011110>;
P_0x126632a10 .param/l "T1L_TCK" 1 6 54, +C4<00000000000000000000000000011110>;
enum0x13780d340 .enum4 (3)
   "IDLE" 3'b000,
   "LOAD" 3'b001,
   "LOAD2" 3'b010,
   "HI" 3'b011,
   "LO" 3'b100,
   "RST" 3'b101
 ;
L_0x118040f40 .functor BUFT 1, C4<00000000000000000000000000000001>, C4<0>, C4<0>, C4<0>;
v0x126632e40_0 .net/2u *"_ivl_10", 31 0, L_0x118040f40;  1 drivers
v0x126632f00_0 .net *"_ivl_12", 31 0, L_0x126642940;  1 drivers
L_0x118040eb0 .functor BUFT 1, C4<00000000000000000000001001011000>, C4<0>, C4<0>, C4<0>;
v0x126632fa0_0 .net/2u *"_ivl_2", 31 0, L_0x118040eb0;  1 drivers
v0x126633030_0 .net *"_ivl_4", 31 0, L_0x1266426c0;  1 drivers
L_0x118040ef8 .functor BUFT 1, C4<0000000000000000000000>, C4<0>, C4<0>, C4<0>;
v0x1266330c0_0 .net *"_ivl_7", 21 0, L_0x118040ef8;  1 drivers
v0x126633190_0 .net *"_ivl_8", 31 0, L_0x126642800;  1 drivers
v0x126633240_0 .net "i_clk", 0 0, v0x12663b7d0_0;  alias, 1 drivers
v0x1266332d0_0 .net "i_data", 7 0, L_0x126642450;  alias, 1 drivers
v0x126633370_0 .net "i_rst_n", 0 0, v0x12663be40_0;  alias, 1 drivers
v0x126633480_0 .net "i_start", 0 0, L_0x126642b90;  1 drivers
v0x126633510_0 .var "o_busy", 0 0;
v0x1266335b0_0 .net "o_debug_state", 7 0, L_0x126642620;  alias, 1 drivers
v0x126633660_0 .var "o_frame_done", 0 0;
v0x126633700_0 .var "o_neopixel_out", 0 0;
v0x1266337a0_0 .net "o_rd_addr", 9 0, L_0x126642a80;  alias, 1 drivers
v0x126633860_0 .var "r_bit_cnt", 2 0;
v0x1266338f0_0 .var "r_byte_cnt", 9 0;
v0x126633a80_0 .var "r_clk_cnt", 15 0;
v0x126633b20_0 .var "r_shift", 7 0;
v0x126633bd0_0 .var "r_state", 2 0;
L_0x126642620 .part v0x126633a80_0, 8, 8;
L_0x1266426c0 .concat [ 10 22 0 0], v0x1266338f0_0, L_0x118040ef8;
L_0x126642800 .arith/sub 32, L_0x118040eb0, L_0x1266426c0;
L_0x126642940 .arith/sub 32, L_0x126642800, L_0x118040f40;
L_0x126642a80 .part L_0x126642940, 0, 10;
S_0x126634b90 .scope generate, "g_ch[5]" "g_ch[5]" 4 180, 4 180 0, S_0x126612e60;
 .timescale -9 -12;
P_0x126634d50 .param/l "OFFSET" 1 4 182, +C4<00000000000000000000101110111000>;
P_0x126634d90 .param/l "ch" 1 4 180, +C4<0101>;
L_0x126643090 .functor AND 1, L_0x1266454c0, L_0x12663f020, C4<1>, C4<1>;
L_0x1266433c0 .functor AND 1, L_0x126643090, L_0x126643280, C4<1>, C4<1>;
L_0x1266442c0 .functor BUFZ 1, v0x126636f50_0, C4<0>, C4<0>, C4<0>;
L_0x126644370 .functor BUFZ 8, L_0x126643c40, C4<00000000>, C4<00000000>, C4<00000000>;
v0x1266375b0_0 .net *"_ivl_0", 31 0, L_0x126642d50;  1 drivers
v0x126637640_0 .net *"_ivl_10", 63 0, L_0x126643140;  1 drivers
L_0x118041018 .functor BUFT 1, C4<0000000000000000000000000000000000000000000000000000>, C4<0>, C4<0>, C4<0>;
v0x1266376d0_0 .net *"_ivl_13", 51 0, L_0x118041018;  1 drivers
L_0x118041060 .functor BUFT 1, C4<0000000000000000000000000000000000000000000000000000111000010000>, C4<0>, C4<0>, C4<0>;
v0x126637760_0 .net/2u *"_ivl_14", 63 0, L_0x118041060;  1 drivers
v0x1266377f0_0 .net *"_ivl_16", 0 0, L_0x126643280;  1 drivers
v0x1266378c0_0 .net *"_ivl_20", 31 0, L_0x1266434f0;  1 drivers
L_0x1180410a8 .functor BUFT 1, C4<00000000000000000000>, C4<0>, C4<0>, C4<0>;
v0x126637950_0 .net *"_ivl_23", 19 0, L_0x1180410a8;  1 drivers
L_0x1180410f0 .functor BUFT 1, C4<00000000000000000000101110111000>, C4<0>, C4<0>, C4<0>;
v0x126637a00_0 .net/2u *"_ivl_24", 31 0, L_0x1180410f0;  1 drivers
v0x126637ab0_0 .net *"_ivl_26", 31 0, L_0x126643600;  1 drivers
L_0x118040f88 .functor BUFT 1, C4<00000000000000000000>, C4<0>, C4<0>, C4<0>;
v0x126637bc0_0 .net *"_ivl_3", 19 0, L_0x118040f88;  1 drivers
v0x126637c70_0 .net *"_ivl_33", 0 0, L_0x1266442c0;  1 drivers
L_0x118040fd0 .functor BUFT 1, C4<00000000000000000000101110111000>, C4<0>, C4<0>, C4<0>;
v0x126637d20_0 .net/2u *"_ivl_4", 31 0, L_0x118040fd0;  1 drivers
v0x126637dd0_0 .net *"_ivl_6", 0 0, L_0x12663f020;  1 drivers
v0x126637e70_0 .net *"_ivl_9", 0 0, L_0x126643090;  1 drivers
v0x126637f10_0 .net "debug_state_local", 7 0, L_0x126643c40;  1 drivers
v0x126637fd0_0 .net "neopix_out_local", 0 0, v0x126636f50_0;  1 drivers
v0x126638060_0 .net "rd_addr_local", 9 0, L_0x126643ec0;  1 drivers
v0x126638230_0 .net "rd_data_local", 7 0, L_0x126643a60;  1 drivers
v0x1266382c0_0 .net "wr_addr_local", 9 0, L_0x126643700;  1 drivers
v0x126638350_0 .net "wr_en_local", 0 0, L_0x1266433c0;  1 drivers
L_0x126642d50 .concat [ 12 20 0 0], v0x12663a7d0_0, L_0x118040f88;
L_0x12663f020 .cmp/ge 32, L_0x126642d50, L_0x118040fd0;
L_0x126643140 .concat [ 12 52 0 0], v0x12663a7d0_0, L_0x118041018;
L_0x126643280 .cmp/gt 64, L_0x118041060, L_0x126643140;
L_0x1266434f0 .concat [ 12 20 0 0], v0x12663a7d0_0, L_0x1180410a8;
L_0x126643600 .arith/sub 32, L_0x1266434f0, L_0x1180410f0;
L_0x126643700 .part L_0x126643600, 0, 10;
S_0x126634eb0 .scope module, "u_buf" "double_buffer" 4 197, 5 17 0, S_0x126634b90;
 .timescale -9 -12;
    .port_info 0 /INPUT 1 "i_clk";
    .port_info 1 /INPUT 1 "i_rst_n";
    .port_info 2 /INPUT 1 "i_wr_en";
    .port_info 3 /INPUT 10 "i_wr_addr";
    .port_info 4 /INPUT 8 "i_wr_data";
    .port_info 5 /INPUT 1 "i_swap";
    .port_info 6 /INPUT 10 "i_rd_addr";
    .port_info 7 /OUTPUT 8 "o_rd_data";
P_0x126635020 .param/l "ADDR_WIDTH" 0 5 19, +C4<00000000000000000000000000001010>;
P_0x126635060 .param/l "LEDS" 0 5 18, +C4<00000000000000000000000011001000>;
v0x1266352c0_0 .net *"_ivl_0", 31 0, L_0x126643860;  1 drivers
L_0x118041138 .functor BUFT 1, C4<0000000000000000000000000000000>, C4<0>, C4<0>, C4<0>;
v0x126635370_0 .net *"_ivl_3", 30 0, L_0x118041138;  1 drivers
L_0x118041180 .functor BUFT 1, C4<00000000000000000000000000000000>, C4<0>, C4<0>, C4<0>;
v0x126635410_0 .net/2u *"_ivl_4", 31 0, L_0x118041180;  1 drivers
v0x1266354a0_0 .net *"_ivl_6", 0 0, L_0x126643940;  1 drivers
v0x126635530_0 .net "i_clk", 0 0, v0x12663b7d0_0;  alias, 1 drivers
v0x126635600_0 .net "i_rd_addr", 9 0, L_0x126643ec0;  alias, 1 drivers
v0x126635690_0 .net "i_rst_n", 0 0, v0x12663be40_0;  alias, 1 drivers
v0x126635720_0 .net "i_swap", 0 0, L_0x126643b40;  1 drivers
v0x1266357b0_0 .net "i_wr_addr", 9 0, L_0x126643700;  alias, 1 drivers
v0x1266358c0_0 .net "i_wr_data", 7 0, L_0x126644250;  alias, 1 drivers
v0x126635960_0 .net "i_wr_en", 0 0, L_0x1266433c0;  alias, 1 drivers
v0x126635a00_0 .net "o_rd_data", 7 0, L_0x126643a60;  alias, 1 drivers
v0x126635ab0 .array "r_bufA", 599 0, 7 0;
v0x126635b50 .array "r_bufB", 599 0, 7 0;
v0x126635bf0_0 .var "r_buf_sel", 0 0;
v0x126635c90_0 .var "rdA", 7 0;
v0x126635d40_0 .var "rdB", 7 0;
L_0x126643860 .concat [ 1 31 0 0], v0x126635bf0_0, L_0x118041138;
L_0x126643940 .cmp/eq 32, L_0x126643860, L_0x118041180;
L_0x126643a60 .functor MUXZ 8, v0x126635c90_0, v0x126635d40_0, L_0x126643940, C4<>;
S_0x126635f70 .scope module, "u_drv" "neopixel_driver" 4 214, 6 23 0, S_0x126634b90;
 .timescale -9 -12;
    .port_info 0 /INPUT 1 "i_clk";
    .port_info 1 /INPUT 1 "i_rst_n";
    .port_info 2 /INPUT 1 "i_start";
    .port_info 3 /OUTPUT 1 "o_busy";
    .port_info 4 /OUTPUT 10 "o_rd_addr";
    .port_info 5 /INPUT 8 "i_data";
    .port_info 6 /OUTPUT 1 "o_neopixel_out";
    .port_info 7 /OUTPUT 1 "o_frame_done";
    .port_info 8 /OUTPUT 8 "o_debug_state";
P_0x1266360e0 .param/l "CLK_HZ" 0 6 25, +C4<00000010111110101111000010000000>;
P_0x126636120 .param/l "LEDS" 0 6 24, +C4<00000000000000000000000011001000>;
P_0x126636160 .param/l "RST_TCK" 1 6 55, +C4<00000000000000000000100111000100>;
P_0x1266361a0 .param/l "T0H_TCK" 1 6 51, +C4<00000000000000000000000000001111>;
P_0x1266361e0 .param/l "T0L_TCK" 1 6 52, +C4<00000000000000000000000000101101>;
P_0x126636220 .param/l "T1H_TCK" 1 6 53, +C4<00000000000000000000000000011110>;
P_0x126636260 .param/l "T1L_TCK" 1 6 54, +C4<00000000000000000000000000011110>;
enum0x13780e920 .enum4 (3)
   "IDLE" 3'b000,
   "LOAD" 3'b001,
   "LOAD2" 3'b010,
   "HI" 3'b011,
   "LO" 3'b100,
   "RST" 3'b101
 ;
L_0x118041258 .functor BUFT 1, C4<00000000000000000000000000000001>, C4<0>, C4<0>, C4<0>;
v0x126636690_0 .net/2u *"_ivl_10", 31 0, L_0x118041258;  1 drivers
v0x126636750_0 .net *"_ivl_12", 31 0, L_0x12663fea0;  1 drivers
L_0x1180411c8 .functor BUFT 1, C4<00000000000000000000001001011000>, C4<0>, C4<0>, C4<0>;
v0x1266367f0_0 .net/2u *"_ivl_2", 31 0, L_0x1180411c8;  1 drivers
v0x126636880_0 .net *"_ivl_4", 31 0, L_0x126643d20;  1 drivers
L_0x118041210 .functor BUFT 1, C4<0000000000000000000000>, C4<0>, C4<0>, C4<0>;
v0x126636910_0 .net *"_ivl_7", 21 0, L_0x118041210;  1 drivers
v0x1266369e0_0 .net *"_ivl_8", 31 0, L_0x12663fd80;  1 drivers
v0x126636a90_0 .net "i_clk", 0 0, v0x12663b7d0_0;  alias, 1 drivers
v0x126636b20_0 .net "i_data", 7 0, L_0x126643a60;  alias, 1 drivers
v0x126636bc0_0 .net "i_rst_n", 0 0, v0x12663be40_0;  alias, 1 drivers
v0x126636cd0_0 .net "i_start", 0 0, L_0x126643fd0;  1 drivers
v0x126636d60_0 .var "o_busy", 0 0;
v0x126636e00_0 .net "o_debug_state", 7 0, L_0x126643c40;  alias, 1 drivers
v0x126636eb0_0 .var "o_frame_done", 0 0;
v0x126636f50_0 .var "o_neopixel_out", 0 0;
v0x126636ff0_0 .net "o_rd_addr", 9 0, L_0x126643ec0;  alias, 1 drivers
v0x1266370b0_0 .var "r_bit_cnt", 2 0;
v0x126637140_0 .var "r_byte_cnt", 9 0;
v0x1266372d0_0 .var "r_clk_cnt", 15 0;
v0x126637370_0 .var "r_shift", 7 0;
v0x126637420_0 .var "r_state", 2 0;
L_0x126643c40 .part v0x1266372d0_0, 8, 8;
L_0x126643d20 .concat [ 10 22 0 0], v0x126637140_0, L_0x118041210;
L_0x12663fd80 .arith/sub 32, L_0x1180411c8, L_0x126643d20;
L_0x12663fea0 .arith/sub 32, L_0x12663fd80, L_0x118041258;
L_0x126643ec0 .part L_0x12663fea0, 0, 10;
S_0x1266383e0 .scope module, "my_spi" "spi_slave" 4 109, 7 10 0, S_0x126612e60;
 .timescale -9 -12;
    .port_info 0 /INPUT 1 "i_clk";
    .port_info 1 /INPUT 1 "i_rst_n";
    .port_info 2 /OUTPUT 8 "o_rx_data";
    .port_info 3 /OUTPUT 1 "o_data_valid";
    .port_info 4 /INPUT 1 "i_sclk";
    .port_info 5 /INPUT 1 "i_cs";
    .port_info 6 /INPUT 1 "i_mosi";
L_0x1180412a0 .functor BUFT 1, C4<0>, C4<0>, C4<0>, C4<0>;
L_0x1266447e0 .functor XNOR 1, L_0x126644740, L_0x1180412a0, C4<0>, C4<0>;
L_0x1180412e8 .functor BUFT 1, C4<1>, C4<0>, C4<0>, C4<0>;
L_0x1266449b0 .functor XNOR 1, L_0x1266448d0, L_0x1180412e8, C4<0>, C4<0>;
L_0x126644aa0 .functor AND 1, L_0x1266447e0, L_0x1266449b0, C4<1>, C4<1>;
L_0x1180413c0 .functor BUFT 1, C4<0>, C4<0>, C4<0>, C4<0>;
L_0x126644df0 .functor XNOR 1, L_0x126644d50, L_0x1180413c0, C4<0>, C4<0>;
L_0x118041408 .functor BUFT 1, C4<1>, C4<0>, C4<0>, C4<0>;
L_0x126645030 .functor XNOR 1, L_0x126644f20, L_0x118041408, C4<0>, C4<0>;
L_0x126645150 .functor AND 1, L_0x126644df0, L_0x126645030, C4<1>, C4<1>;
v0x126638650_0 .net *"_ivl_1", 0 0, L_0x126644740;  1 drivers
v0x1266386e0_0 .net *"_ivl_10", 0 0, L_0x1266449b0;  1 drivers
v0x126638780_0 .net *"_ivl_13", 0 0, L_0x126644aa0;  1 drivers
L_0x118041330 .functor BUFT 1, C4<1>, C4<0>, C4<0>, C4<0>;
v0x126638830_0 .net/2u *"_ivl_14", 0 0, L_0x118041330;  1 drivers
L_0x118041378 .functor BUFT 1, C4<0>, C4<0>, C4<0>, C4<0>;
v0x1266388e0_0 .net/2u *"_ivl_16", 0 0, L_0x118041378;  1 drivers
v0x1266389d0_0 .net/2u *"_ivl_2", 0 0, L_0x1180412a0;  1 drivers
v0x126638a80_0 .net *"_ivl_21", 0 0, L_0x126644d50;  1 drivers
v0x126638b30_0 .net/2u *"_ivl_22", 0 0, L_0x1180413c0;  1 drivers
v0x126638be0_0 .net *"_ivl_24", 0 0, L_0x126644df0;  1 drivers
v0x126638cf0_0 .net *"_ivl_27", 0 0, L_0x126644f20;  1 drivers
v0x126638d90_0 .net/2u *"_ivl_28", 0 0, L_0x118041408;  1 drivers
v0x126638e40_0 .net *"_ivl_30", 0 0, L_0x126645030;  1 drivers
v0x126638ee0_0 .net *"_ivl_33", 0 0, L_0x126645150;  1 drivers
L_0x118041450 .functor BUFT 1, C4<1>, C4<0>, C4<0>, C4<0>;
v0x126638f80_0 .net/2u *"_ivl_34", 0 0, L_0x118041450;  1 drivers
L_0x118041498 .functor BUFT 1, C4<0>, C4<0>, C4<0>, C4<0>;
v0x126639030_0 .net/2u *"_ivl_36", 0 0, L_0x118041498;  1 drivers
v0x1266390e0_0 .net *"_ivl_4", 0 0, L_0x1266447e0;  1 drivers
v0x126639180_0 .net *"_ivl_7", 0 0, L_0x1266448d0;  1 drivers
v0x126639310_0 .net/2u *"_ivl_8", 0 0, L_0x1180412e8;  1 drivers
v0x1266393a0_0 .net "i_clk", 0 0, v0x12663b7d0_0;  alias, 1 drivers
v0x126639430_0 .net "i_cs", 0 0, v0x12663b870_0;  alias, 1 drivers
v0x1266394d0_0 .net "i_mosi", 0 0, v0x12663bdb0_0;  alias, 1 drivers
v0x126639570_0 .net "i_rst_n", 0 0, v0x12663be40_0;  alias, 1 drivers
v0x126639600_0 .net "i_sclk", 0 0, v0x12663bed0_0;  alias, 1 drivers
v0x1266396a0_0 .net "o_data_valid", 0 0, L_0x1266453a0;  alias, 1 drivers
v0x126639740_0 .var "o_rx_data", 7 0;
v0x1266397f0_0 .var "r_bit_cnt", 2 0;
v0x1266398a0_0 .var "r_buf_cs", 2 0;
v0x126639950_0 .var "r_buf_data_valid", 1 0;
v0x126639a00_0 .var "r_buf_mosi", 2 0;
v0x126639ab0_0 .var "r_buf_sclk", 2 0;
v0x126639b60_0 .var "r_rx_shift_reg", 7 0;
v0x126639c10_0 .net "w_cs_rise", 0 0, L_0x126645240;  1 drivers
v0x126639cb0_0 .net "w_sclk_rise", 0 0, L_0x126644bb0;  1 drivers
L_0x126644740 .part v0x126639ab0_0, 2, 1;
L_0x1266448d0 .part v0x126639ab0_0, 1, 1;
L_0x126644bb0 .functor MUXZ 1, L_0x118041378, L_0x118041330, L_0x126644aa0, C4<>;
L_0x126644d50 .part v0x1266398a0_0, 2, 1;
L_0x126644f20 .part v0x1266398a0_0, 1, 1;
L_0x126645240 .functor MUXZ 1, L_0x118041498, L_0x118041450, L_0x126645150, C4<>;
L_0x1266453a0 .part v0x126639950_0, 1, 1;
S_0x12663b0f0 .scope task, "send_rgb" "send_rgb" 3 43, 3 43 0, S_0x126612cf0;
 .timescale -9 -12;
v0x12663b2c0_0 .var "b", 7 0;
v0x12663b350_0 .var "g", 7 0;
v0x12663b3e0_0 .var "r", 7 0;
TD_tb_top.send_rgb ;
    %load/vec4 v0x12663b3e0_0;
    %store/vec4 v0x12663b660_0, 0, 8;
    %fork TD_tb_top.spi_send_byte, S_0x12663b480;
    %join;
    %load/vec4 v0x12663b350_0;
    %store/vec4 v0x12663b660_0, 0, 8;
    %fork TD_tb_top.spi_send_byte, S_0x12663b480;
    %join;
    %load/vec4 v0x12663b2c0_0;
    %store/vec4 v0x12663b660_0, 0, 8;
    %fork TD_tb_top.spi_send_byte, S_0x12663b480;
    %join;
    %end;
S_0x12663b480 .scope task, "spi_send_byte" "spi_send_byte" 3 30, 3 30 0, S_0x126612cf0;
 .timescale -9 -12;
v0x12663b660_0 .var "data", 7 0;
TD_tb_top.spi_send_byte ;
    %pushi/vec4 7, 0, 32;
    %store/vec4 v0x12663bc00_0, 0, 32;
T_1.0 ;
    %load/vec4 v0x12663bc00_0;
    %cmpi/s 0, 0, 32;
    %flag_inv 5; GE is !LT
    %jmp/0xz T_1.1, 5;
    %pushi/vec4 0, 0, 1;
    %store/vec4 v0x12663bed0_0, 0, 1;
    %load/vec4 v0x12663b660_0;
    %load/vec4 v0x12663bc00_0;
    %part/s 1;
    %store/vec4 v0x12663bdb0_0, 0, 1;
    %delay 50000, 0;
    %pushi/vec4 1, 0, 1;
    %store/vec4 v0x12663bed0_0, 0, 1;
    %delay 50000, 0;
    %load/vec4 v0x12663bc00_0;
    %subi 1, 0, 32;
    %store/vec4 v0x12663bc00_0, 0, 32;
    %jmp T_1.0;
T_1.1 ;
    %end;
    .scope S_0x126613640;
T_2 ;
    %pushi/vec4 0, 0, 1;
    %store/vec4 v0x126623fe0_0, 0, 1;
    %end;
    .thread T_2, $init;
    .scope S_0x126613640;
T_3 ;
    %wait E_0x126613930;
    %load/vec4 v0x126623d50_0;
    %flag_set/vec4 9;
    %flag_get/vec4 9;
    %jmp/0 T_3.2, 9;
    %load/vec4 v0x126623fe0_0;
    %pad/u 32;
    %pushi/vec4 0, 0, 32;
    %cmp/e;
    %flag_get/vec4 4;
    %and;
T_3.2;
    %flag_set/vec4 8;
    %jmp/0xz  T_3.0, 8;
    %load/vec4 v0x126623ca0_0;
    %load/vec4 v0x126623b90_0;
    %pad/u 11;
    %ix/vec4 3;
    %ix/load 4, 0, 0; Constant delay
    %assign/vec4/a/d v0x126623ea0, 0, 4;
T_3.0 ;
    %jmp T_3;
    .thread T_3;
    .scope S_0x126613640;
T_4 ;
    %wait E_0x126613930;
    %load/vec4 v0x126623d50_0;
    %flag_set/vec4 9;
    %flag_get/vec4 9;
    %jmp/0 T_4.2, 9;
    %load/vec4 v0x126623fe0_0;
    %pad/u 32;
    %pushi/vec4 1, 0, 32;
    %cmp/e;
    %flag_get/vec4 4;
    %and;
T_4.2;
    %flag_set/vec4 8;
    %jmp/0xz  T_4.0, 8;
    %load/vec4 v0x126623ca0_0;
    %load/vec4 v0x126623b90_0;
    %pad/u 11;
    %ix/vec4 3;
    %ix/load 4, 0, 0; Constant delay
    %assign/vec4/a/d v0x126623f40, 0, 4;
T_4.0 ;
    %jmp T_4;
    .thread T_4;
    .scope S_0x126613640;
T_5 ;
    %wait E_0x126613930;
    %load/vec4 v0x1266239c0_0;
    %pad/u 11;
    %ix/vec4 4;
    %load/vec4a v0x126623ea0, 4;
    %assign/vec4 v0x126624080_0, 0;
    %jmp T_5;
    .thread T_5;
    .scope S_0x126613640;
T_6 ;
    %wait E_0x126613930;
    %load/vec4 v0x1266239c0_0;
    %pad/u 11;
    %ix/vec4 4;
    %load/vec4a v0x126623f40, 4;
    %assign/vec4 v0x126624130_0, 0;
    %jmp T_6;
    .thread T_6;
    .scope S_0x126613640;
T_7 ;
    %wait E_0x126613930;
    %load/vec4 v0x126623a50_0;
    %nor/r;
    %flag_set/vec4 8;
    %jmp/0xz  T_7.0, 8;
    %pushi/vec4 0, 0, 1;
    %assign/vec4 v0x126623fe0_0, 0;
    %jmp T_7.1;
T_7.0 ;
    %load/vec4 v0x126623af0_0;
    %flag_set/vec4 8;
    %jmp/0xz  T_7.2, 8;
    %load/vec4 v0x126623fe0_0;
    %inv;
    %assign/vec4 v0x126623fe0_0, 0;
T_7.2 ;
T_7.1 ;
    %jmp T_7;
    .thread T_7;
    .scope S_0x126624360;
T_8 ;
    %pushi/vec4 0, 0, 3;
    %store/vec4 v0x126625830_0, 0, 3;
    %pushi/vec4 0, 0, 16;
    %store/vec4 v0x1266256d0_0, 0, 16;
    %pushi/vec4 0, 0, 3;
    %store/vec4 v0x126625480_0, 0, 3;
    %pushi/vec4 0, 0, 8;
    %store/vec4 v0x126625780_0, 0, 8;
    %pushi/vec4 0, 0, 10;
    %store/vec4 v0x126625520_0, 0, 10;
    %end;
    .thread T_8, $init;
    .scope S_0x126624360;
T_9 ;
    %wait E_0x126613930;
    %load/vec4 v0x126624fc0_0;
    %nor/r;
    %flag_set/vec4 8;
    %jmp/0xz  T_9.0, 8;
    %pushi/vec4 0, 0, 3;
    %assign/vec4 v0x126625830_0, 0;
    %pushi/vec4 0, 0, 16;
    %assign/vec4 v0x1266256d0_0, 0;
    %pushi/vec4 0, 0, 3;
    %assign/vec4 v0x126625480_0, 0;
    %pushi/vec4 0, 0, 8;
    %assign/vec4 v0x126625780_0, 0;
    %pushi/vec4 0, 0, 10;
    %assign/vec4 v0x126625520_0, 0;
    %jmp T_9.1;
T_9.0 ;
    %load/vec4 v0x126625830_0;
    %dup/vec4;
    %pushi/vec4 0, 0, 3;
    %cmp/u;
    %jmp/1 T_9.2, 6;
    %dup/vec4;
    %pushi/vec4 1, 0, 3;
    %cmp/u;
    %jmp/1 T_9.3, 6;
    %dup/vec4;
    %pushi/vec4 2, 0, 3;
    %cmp/u;
    %jmp/1 T_9.4, 6;
    %dup/vec4;
    %pushi/vec4 3, 0, 3;
    %cmp/u;
    %jmp/1 T_9.5, 6;
    %dup/vec4;
    %pushi/vec4 4, 0, 3;
    %cmp/u;
    %jmp/1 T_9.6, 6;
    %dup/vec4;
    %pushi/vec4 5, 0, 3;
    %cmp/u;
    %jmp/1 T_9.7, 6;
    %jmp T_9.8;
T_9.2 ;
    %load/vec4 v0x1266250f0_0;
    %flag_set/vec4 8;
    %jmp/0xz  T_9.9, 8;
    %pushi/vec4 1, 0, 1;
    %assign/vec4 v0x126625180_0, 0;
    %pushi/vec4 1, 0, 3;
    %assign/vec4 v0x126625830_0, 0;
    %pushi/vec4 599, 0, 10;
    %assign/vec4 v0x126625520_0, 0;
    %jmp T_9.10;
T_9.9 ;
    %pushi/vec4 0, 0, 1;
    %assign/vec4 v0x126625330_0, 0;
    %pushi/vec4 0, 0, 1;
    %assign/vec4 v0x126625180_0, 0;
    %pushi/vec4 0, 0, 1;
    %assign/vec4 v0x1266252a0_0, 0;
T_9.10 ;
    %jmp T_9.8;
T_9.3 ;
    %pushi/vec4 2, 0, 3;
    %assign/vec4 v0x126625830_0, 0;
    %jmp T_9.8;
T_9.4 ;
    %pushi/vec4 3, 0, 3;
    %assign/vec4 v0x126625830_0, 0;
    %pushi/vec4 1, 0, 1;
    %assign/vec4 v0x126625330_0, 0;
    %load/vec4 v0x126624f10_0;
    %assign/vec4 v0x126625780_0, 0;
    %pushi/vec4 7, 0, 3;
    %assign/vec4 v0x126625480_0, 0;
    %load/vec4 v0x126624f10_0;
    %parti/s 1, 7, 4;
    %flag_set/vec4 8;
    %jmp/0 T_9.11, 8;
    %pushi/vec4 29, 0, 32;
    %jmp/1 T_9.12, 8;
T_9.11 ; End of true expr.
    %pushi/vec4 14, 0, 32;
    %jmp/0 T_9.12, 8;
 ; End of false expr.
    %blend;
T_9.12;
    %pad/s 16;
    %assign/vec4 v0x1266256d0_0, 0;
    %jmp T_9.8;
T_9.5 ;
    %load/vec4 v0x1266256d0_0;
    %pad/u 32;
    %cmpi/e 0, 0, 32;
    %jmp/0xz  T_9.13, 4;
    %pushi/vec4 4, 0, 3;
    %assign/vec4 v0x126625830_0, 0;
    %pushi/vec4 0, 0, 1;
    %assign/vec4 v0x126625330_0, 0;
    %load/vec4 v0x126625780_0;
    %parti/s 1, 7, 4;
    %flag_set/vec4 8;
    %jmp/0 T_9.15, 8;
    %pushi/vec4 29, 0, 32;
    %jmp/1 T_9.16, 8;
T_9.15 ; End of true expr.
    %pushi/vec4 44, 0, 32;
    %jmp/0 T_9.16, 8;
 ; End of false expr.
    %blend;
T_9.16;
    %pad/s 16;
    %assign/vec4 v0x1266256d0_0, 0;
    %jmp T_9.14;
T_9.13 ;
    %load/vec4 v0x1266256d0_0;
    %subi 1, 0, 16;
    %assign/vec4 v0x1266256d0_0, 0;
T_9.14 ;
    %jmp T_9.8;
T_9.6 ;
    %load/vec4 v0x1266256d0_0;
    %pad/u 32;
    %cmpi/e 0, 0, 32;
    %jmp/0xz  T_9.17, 4;
    %load/vec4 v0x126625780_0;
    %parti/s 7, 0, 2;
    %concati/vec4 0, 0, 1;
    %assign/vec4 v0x126625780_0, 0;
    %load/vec4 v0x126625480_0;
    %pad/u 32;
    %cmpi/e 0, 0, 32;
    %jmp/0xz  T_9.19, 4;
    %load/vec4 v0x126625520_0;
    %pad/u 32;
    %cmpi/e 0, 0, 32;
    %jmp/0xz  T_9.21, 4;
    %pushi/vec4 5, 0, 3;
    %assign/vec4 v0x126625830_0, 0;
    %pushi/vec4 1, 0, 1;
    %assign/vec4 v0x1266252a0_0, 0;
    %pushi/vec4 2499, 0, 16;
    %assign/vec4 v0x1266256d0_0, 0;
    %jmp T_9.22;
T_9.21 ;
    %pushi/vec4 1, 0, 3;
    %assign/vec4 v0x126625830_0, 0;
    %load/vec4 v0x126625520_0;
    %subi 1, 0, 10;
    %assign/vec4 v0x126625520_0, 0;
T_9.22 ;
    %jmp T_9.20;
T_9.19 ;
    %load/vec4 v0x126625480_0;
    %subi 1, 0, 3;
    %assign/vec4 v0x126625480_0, 0;
    %pushi/vec4 3, 0, 3;
    %assign/vec4 v0x126625830_0, 0;
    %pushi/vec4 1, 0, 1;
    %assign/vec4 v0x126625330_0, 0;
    %load/vec4 v0x126625780_0;
    %parti/s 1, 6, 4;
    %flag_set/vec4 8;
    %jmp/0 T_9.23, 8;
    %pushi/vec4 29, 0, 32;
    %jmp/1 T_9.24, 8;
T_9.23 ; End of true expr.
    %pushi/vec4 14, 0, 32;
    %jmp/0 T_9.24, 8;
 ; End of false expr.
    %blend;
T_9.24;
    %pad/s 16;
    %assign/vec4 v0x1266256d0_0, 0;
T_9.20 ;
    %jmp T_9.18;
T_9.17 ;
    %load/vec4 v0x1266256d0_0;
    %subi 1, 0, 16;
    %assign/vec4 v0x1266256d0_0, 0;
T_9.18 ;
    %jmp T_9.8;
T_9.7 ;
    %pushi/vec4 0, 0, 1;
    %assign/vec4 v0x126625330_0, 0;
    %load/vec4 v0x1266256d0_0;
    %pad/u 32;
    %cmpi/e 0, 0, 32;
    %jmp/0xz  T_9.25, 4;
    %pushi/vec4 0, 0, 3;
    %assign/vec4 v0x126625830_0, 0;
    %jmp T_9.26;
T_9.25 ;
    %load/vec4 v0x1266256d0_0;
    %subi 1, 0, 16;
    %assign/vec4 v0x1266256d0_0, 0;
T_9.26 ;
    %jmp T_9.8;
T_9.8 ;
    %pop/vec4 1;
T_9.1 ;
    %jmp T_9;
    .thread T_9;
    .scope S_0x126626b10;
T_10 ;
    %pushi/vec4 0, 0, 1;
    %store/vec4 v0x126627870_0, 0, 1;
    %end;
    .thread T_10, $init;
    .scope S_0x126626b10;
T_11 ;
    %wait E_0x126613930;
    %load/vec4 v0x126627630_0;
    %flag_set/vec4 9;
    %flag_get/vec4 9;
    %jmp/0 T_11.2, 9;
    %load/vec4 v0x126627870_0;
    %pad/u 32;
    %pushi/vec4 0, 0, 32;
    %cmp/e;
    %flag_get/vec4 4;
    %and;
T_11.2;
    %flag_set/vec4 8;
    %jmp/0xz  T_11.0, 8;
    %load/vec4 v0x1266275a0_0;
    %load/vec4 v0x126627490_0;
    %pad/u 11;
    %ix/vec4 3;
    %ix/load 4, 0, 0; Constant delay
    %assign/vec4/a/d v0x126627750, 0, 4;
T_11.0 ;
    %jmp T_11;
    .thread T_11;
    .scope S_0x126626b10;
T_12 ;
    %wait E_0x126613930;
    %load/vec4 v0x126627630_0;
    %flag_set/vec4 9;
    %flag_get/vec4 9;
    %jmp/0 T_12.2, 9;
    %load/vec4 v0x126627870_0;
    %pad/u 32;
    %pushi/vec4 1, 0, 32;
    %cmp/e;
    %flag_get/vec4 4;
    %and;
T_12.2;
    %flag_set/vec4 8;
    %jmp/0xz  T_12.0, 8;
    %load/vec4 v0x1266275a0_0;
    %load/vec4 v0x126627490_0;
    %pad/u 11;
    %ix/vec4 3;
    %ix/load 4, 0, 0; Constant delay
    %assign/vec4/a/d v0x1266277e0, 0, 4;
T_12.0 ;
    %jmp T_12;
    .thread T_12;
    .scope S_0x126626b10;
T_13 ;
    %wait E_0x126613930;
    %load/vec4 v0x1266272a0_0;
    %pad/u 11;
    %ix/vec4 4;
    %load/vec4a v0x126627750, 4;
    %assign/vec4 v0x126627900_0, 0;
    %jmp T_13;
    .thread T_13;
    .scope S_0x126626b10;
T_14 ;
    %wait E_0x126613930;
    %load/vec4 v0x1266272a0_0;
    %pad/u 11;
    %ix/vec4 4;
    %load/vec4a v0x1266277e0, 4;
    %assign/vec4 v0x1266279b0_0, 0;
    %jmp T_14;
    .thread T_14;
    .scope S_0x126626b10;
T_15 ;
    %wait E_0x126613930;
    %load/vec4 v0x126627330_0;
    %nor/r;
    %flag_set/vec4 8;
    %jmp/0xz  T_15.0, 8;
    %pushi/vec4 0, 0, 1;
    %assign/vec4 v0x126627870_0, 0;
    %jmp T_15.1;
T_15.0 ;
    %load/vec4 v0x126627400_0;
    %flag_set/vec4 8;
    %jmp/0xz  T_15.2, 8;
    %load/vec4 v0x126627870_0;
    %inv;
    %assign/vec4 v0x126627870_0, 0;
T_15.2 ;
T_15.1 ;
    %jmp T_15;
    .thread T_15;
    .scope S_0x126627c20;
T_16 ;
    %pushi/vec4 0, 0, 3;
    %store/vec4 v0x1266290d0_0, 0, 3;
    %pushi/vec4 0, 0, 16;
    %store/vec4 v0x126628f80_0, 0, 16;
    %pushi/vec4 0, 0, 3;
    %store/vec4 v0x126628d60_0, 0, 3;
    %pushi/vec4 0, 0, 8;
    %store/vec4 v0x126629020_0, 0, 8;
    %pushi/vec4 0, 0, 10;
    %store/vec4 v0x126628df0_0, 0, 10;
    %end;
    .thread T_16, $init;
    .scope S_0x126627c20;
T_17 ;
    %wait E_0x126613930;
    %load/vec4 v0x126628870_0;
    %nor/r;
    %flag_set/vec4 8;
    %jmp/0xz  T_17.0, 8;
    %pushi/vec4 0, 0, 3;
    %assign/vec4 v0x1266290d0_0, 0;
    %pushi/vec4 0, 0, 16;
    %assign/vec4 v0x126628f80_0, 0;
    %pushi/vec4 0, 0, 3;
    %assign/vec4 v0x126628d60_0, 0;
    %pushi/vec4 0, 0, 8;
    %assign/vec4 v0x126629020_0, 0;
    %pushi/vec4 0, 0, 10;
    %assign/vec4 v0x126628df0_0, 0;
    %jmp T_17.1;
T_17.0 ;
    %load/vec4 v0x1266290d0_0;
    %dup/vec4;
    %pushi/vec4 0, 0, 3;
    %cmp/u;
    %jmp/1 T_17.2, 6;
    %dup/vec4;
    %pushi/vec4 1, 0, 3;
    %cmp/u;
    %jmp/1 T_17.3, 6;
    %dup/vec4;
    %pushi/vec4 2, 0, 3;
    %cmp/u;
    %jmp/1 T_17.4, 6;
    %dup/vec4;
    %pushi/vec4 3, 0, 3;
    %cmp/u;
    %jmp/1 T_17.5, 6;
    %dup/vec4;
    %pushi/vec4 4, 0, 3;
    %cmp/u;
    %jmp/1 T_17.6, 6;
    %dup/vec4;
    %pushi/vec4 5, 0, 3;
    %cmp/u;
    %jmp/1 T_17.7, 6;
    %jmp T_17.8;
T_17.2 ;
    %load/vec4 v0x126628980_0;
    %flag_set/vec4 8;
    %jmp/0xz  T_17.9, 8;
    %pushi/vec4 1, 0, 1;
    %assign/vec4 v0x126628a10_0, 0;
    %pushi/vec4 1, 0, 3;
    %assign/vec4 v0x1266290d0_0, 0;
    %pushi/vec4 599, 0, 10;
    %assign/vec4 v0x126628df0_0, 0;
    %jmp T_17.10;
T_17.9 ;
    %pushi/vec4 0, 0, 1;
    %assign/vec4 v0x126628c00_0, 0;
    %pushi/vec4 0, 0, 1;
    %assign/vec4 v0x126628a10_0, 0;
    %pushi/vec4 0, 0, 1;
    %assign/vec4 v0x126628b60_0, 0;
T_17.10 ;
    %jmp T_17.8;
T_17.3 ;
    %pushi/vec4 2, 0, 3;
    %assign/vec4 v0x1266290d0_0, 0;
    %jmp T_17.8;
T_17.4 ;
    %pushi/vec4 3, 0, 3;
    %assign/vec4 v0x1266290d0_0, 0;
    %pushi/vec4 1, 0, 1;
    %assign/vec4 v0x126628c00_0, 0;
    %load/vec4 v0x1266287d0_0;
    %assign/vec4 v0x126629020_0, 0;
    %pushi/vec4 7, 0, 3;
    %assign/vec4 v0x126628d60_0, 0;
    %load/vec4 v0x1266287d0_0;
    %parti/s 1, 7, 4;
    %flag_set/vec4 8;
    %jmp/0 T_17.11, 8;
    %pushi/vec4 29, 0, 32;
    %jmp/1 T_17.12, 8;
T_17.11 ; End of true expr.
    %pushi/vec4 14, 0, 32;
    %jmp/0 T_17.12, 8;
 ; End of false expr.
    %blend;
T_17.12;
    %pad/s 16;
    %assign/vec4 v0x126628f80_0, 0;
    %jmp T_17.8;
T_17.5 ;
    %load/vec4 v0x126628f80_0;
    %pad/u 32;
    %cmpi/e 0, 0, 32;
    %jmp/0xz  T_17.13, 4;
    %pushi/vec4 4, 0, 3;
    %assign/vec4 v0x1266290d0_0, 0;
    %pushi/vec4 0, 0, 1;
    %assign/vec4 v0x126628c00_0, 0;
    %load/vec4 v0x126629020_0;
    %parti/s 1, 7, 4;
    %flag_set/vec4 8;
    %jmp/0 T_17.15, 8;
    %pushi/vec4 29, 0, 32;
    %jmp/1 T_17.16, 8;
T_17.15 ; End of true expr.
    %pushi/vec4 44, 0, 32;
    %jmp/0 T_17.16, 8;
 ; End of false expr.
    %blend;
T_17.16;
    %pad/s 16;
    %assign/vec4 v0x126628f80_0, 0;
    %jmp T_17.14;
T_17.13 ;
    %load/vec4 v0x126628f80_0;
    %subi 1, 0, 16;
    %assign/vec4 v0x126628f80_0, 0;
T_17.14 ;
    %jmp T_17.8;
T_17.6 ;
    %load/vec4 v0x126628f80_0;
    %pad/u 32;
    %cmpi/e 0, 0, 32;
    %jmp/0xz  T_17.17, 4;
    %load/vec4 v0x126629020_0;
    %parti/s 7, 0, 2;
    %concati/vec4 0, 0, 1;
    %assign/vec4 v0x126629020_0, 0;
    %load/vec4 v0x126628d60_0;
    %pad/u 32;
    %cmpi/e 0, 0, 32;
    %jmp/0xz  T_17.19, 4;
    %load/vec4 v0x126628df0_0;
    %pad/u 32;
    %cmpi/e 0, 0, 32;
    %jmp/0xz  T_17.21, 4;
    %pushi/vec4 5, 0, 3;
    %assign/vec4 v0x1266290d0_0, 0;
    %pushi/vec4 1, 0, 1;
    %assign/vec4 v0x126628b60_0, 0;
    %pushi/vec4 2499, 0, 16;
    %assign/vec4 v0x126628f80_0, 0;
    %jmp T_17.22;
T_17.21 ;
    %pushi/vec4 1, 0, 3;
    %assign/vec4 v0x1266290d0_0, 0;
    %load/vec4 v0x126628df0_0;
    %subi 1, 0, 10;
    %assign/vec4 v0x126628df0_0, 0;
T_17.22 ;
    %jmp T_17.20;
T_17.19 ;
    %load/vec4 v0x126628d60_0;
    %subi 1, 0, 3;
    %assign/vec4 v0x126628d60_0, 0;
    %pushi/vec4 3, 0, 3;
    %assign/vec4 v0x1266290d0_0, 0;
    %pushi/vec4 1, 0, 1;
    %assign/vec4 v0x126628c00_0, 0;
    %load/vec4 v0x126629020_0;
    %parti/s 1, 6, 4;
    %flag_set/vec4 8;
    %jmp/0 T_17.23, 8;
    %pushi/vec4 29, 0, 32;
    %jmp/1 T_17.24, 8;
T_17.23 ; End of true expr.
    %pushi/vec4 14, 0, 32;
    %jmp/0 T_17.24, 8;
 ; End of false expr.
    %blend;
T_17.24;
    %pad/s 16;
    %assign/vec4 v0x126628f80_0, 0;
T_17.20 ;
    %jmp T_17.18;
T_17.17 ;
    %load/vec4 v0x126628f80_0;
    %subi 1, 0, 16;
    %assign/vec4 v0x126628f80_0, 0;
T_17.18 ;
    %jmp T_17.8;
T_17.7 ;
    %pushi/vec4 0, 0, 1;
    %assign/vec4 v0x126628c00_0, 0;
    %load/vec4 v0x126628f80_0;
    %pad/u 32;
    %cmpi/e 0, 0, 32;
    %jmp/0xz  T_17.25, 4;
    %pushi/vec4 0, 0, 3;
    %assign/vec4 v0x1266290d0_0, 0;
    %jmp T_17.26;
T_17.25 ;
    %load/vec4 v0x126628f80_0;
    %subi 1, 0, 16;
    %assign/vec4 v0x126628f80_0, 0;
T_17.26 ;
    %jmp T_17.8;
T_17.8 ;
    %pop/vec4 1;
T_17.1 ;
    %jmp T_17;
    .thread T_17;
    .scope S_0x12662a3d0;
T_18 ;
    %pushi/vec4 0, 0, 1;
    %store/vec4 v0x12662b1a0_0, 0, 1;
    %end;
    .thread T_18, $init;
    .scope S_0x12662a3d0;
T_19 ;
    %wait E_0x126613930;
    %load/vec4 v0x12662af60_0;
    %flag_set/vec4 9;
    %flag_get/vec4 9;
    %jmp/0 T_19.2, 9;
    %load/vec4 v0x12662b1a0_0;
    %pad/u 32;
    %pushi/vec4 0, 0, 32;
    %cmp/e;
    %flag_get/vec4 4;
    %and;
T_19.2;
    %flag_set/vec4 8;
    %jmp/0xz  T_19.0, 8;
    %load/vec4 v0x12662aed0_0;
    %load/vec4 v0x12662adc0_0;
    %pad/u 11;
    %ix/vec4 3;
    %ix/load 4, 0, 0; Constant delay
    %assign/vec4/a/d v0x12662b080, 0, 4;
T_19.0 ;
    %jmp T_19;
    .thread T_19;
    .scope S_0x12662a3d0;
T_20 ;
    %wait E_0x126613930;
    %load/vec4 v0x12662af60_0;
    %flag_set/vec4 9;
    %flag_get/vec4 9;
    %jmp/0 T_20.2, 9;
    %load/vec4 v0x12662b1a0_0;
    %pad/u 32;
    %pushi/vec4 1, 0, 32;
    %cmp/e;
    %flag_get/vec4 4;
    %and;
T_20.2;
    %flag_set/vec4 8;
    %jmp/0xz  T_20.0, 8;
    %load/vec4 v0x12662aed0_0;
    %load/vec4 v0x12662adc0_0;
    %pad/u 11;
    %ix/vec4 3;
    %ix/load 4, 0, 0; Constant delay
    %assign/vec4/a/d v0x12662b110, 0, 4;
T_20.0 ;
    %jmp T_20;
    .thread T_20;
    .scope S_0x12662a3d0;
T_21 ;
    %wait E_0x126613930;
    %load/vec4 v0x12662ab90_0;
    %pad/u 11;
    %ix/vec4 4;
    %load/vec4a v0x12662b080, 4;
    %assign/vec4 v0x12662b230_0, 0;
    %jmp T_21;
    .thread T_21;
    .scope S_0x12662a3d0;
T_22 ;
    %wait E_0x126613930;
    %load/vec4 v0x12662ab90_0;
    %pad/u 11;
    %ix/vec4 4;
    %load/vec4a v0x12662b110, 4;
    %assign/vec4 v0x12662b2d0_0, 0;
    %jmp T_22;
    .thread T_22;
    .scope S_0x12662a3d0;
T_23 ;
    %wait E_0x126613930;
    %load/vec4 v0x12662ac20_0;
    %nor/r;
    %flag_set/vec4 8;
    %jmp/0xz  T_23.0, 8;
    %pushi/vec4 0, 0, 1;
    %assign/vec4 v0x12662b1a0_0, 0;
    %jmp T_23.1;
T_23.0 ;
    %load/vec4 v0x12662ad30_0;
    %flag_set/vec4 8;
    %jmp/0xz  T_23.2, 8;
    %load/vec4 v0x12662b1a0_0;
    %inv;
    %assign/vec4 v0x12662b1a0_0, 0;
T_23.2 ;
T_23.1 ;
    %jmp T_23;
    .thread T_23;
    .scope S_0x12662b520;
T_24 ;
    %pushi/vec4 0, 0, 3;
    %store/vec4 v0x12662c9d0_0, 0, 3;
    %pushi/vec4 0, 0, 16;
    %store/vec4 v0x12662c880_0, 0, 16;
    %pushi/vec4 0, 0, 3;
    %store/vec4 v0x12662c660_0, 0, 3;
    %pushi/vec4 0, 0, 8;
    %store/vec4 v0x12662c920_0, 0, 8;
    %pushi/vec4 0, 0, 10;
    %store/vec4 v0x12662c6f0_0, 0, 10;
    %end;
    .thread T_24, $init;
    .scope S_0x12662b520;
T_25 ;
    %wait E_0x126613930;
    %load/vec4 v0x12662c170_0;
    %nor/r;
    %flag_set/vec4 8;
    %jmp/0xz  T_25.0, 8;
    %pushi/vec4 0, 0, 3;
    %assign/vec4 v0x12662c9d0_0, 0;
    %pushi/vec4 0, 0, 16;
    %assign/vec4 v0x12662c880_0, 0;
    %pushi/vec4 0, 0, 3;
    %assign/vec4 v0x12662c660_0, 0;
    %pushi/vec4 0, 0, 8;
    %assign/vec4 v0x12662c920_0, 0;
    %pushi/vec4 0, 0, 10;
    %assign/vec4 v0x12662c6f0_0, 0;
    %jmp T_25.1;
T_25.0 ;
    %load/vec4 v0x12662c9d0_0;
    %dup/vec4;
    %pushi/vec4 0, 0, 3;
    %cmp/u;
    %jmp/1 T_25.2, 6;
    %dup/vec4;
    %pushi/vec4 1, 0, 3;
    %cmp/u;
    %jmp/1 T_25.3, 6;
    %dup/vec4;
    %pushi/vec4 2, 0, 3;
    %cmp/u;
    %jmp/1 T_25.4, 6;
    %dup/vec4;
    %pushi/vec4 3, 0, 3;
    %cmp/u;
    %jmp/1 T_25.5, 6;
    %dup/vec4;
    %pushi/vec4 4, 0, 3;
    %cmp/u;
    %jmp/1 T_25.6, 6;
    %dup/vec4;
    %pushi/vec4 5, 0, 3;
    %cmp/u;
    %jmp/1 T_25.7, 6;
    %jmp T_25.8;
T_25.2 ;
    %load/vec4 v0x12662c280_0;
    %flag_set/vec4 8;
    %jmp/0xz  T_25.9, 8;
    %pushi/vec4 1, 0, 1;
    %assign/vec4 v0x12662c310_0, 0;
    %pushi/vec4 1, 0, 3;
    %assign/vec4 v0x12662c9d0_0, 0;
    %pushi/vec4 599, 0, 10;
    %assign/vec4 v0x12662c6f0_0, 0;
    %jmp T_25.10;
T_25.9 ;
    %pushi/vec4 0, 0, 1;
    %assign/vec4 v0x12662c500_0, 0;
    %pushi/vec4 0, 0, 1;
    %assign/vec4 v0x12662c310_0, 0;
    %pushi/vec4 0, 0, 1;
    %assign/vec4 v0x12662c460_0, 0;
T_25.10 ;
    %jmp T_25.8;
T_25.3 ;
    %pushi/vec4 2, 0, 3;
    %assign/vec4 v0x12662c9d0_0, 0;
    %jmp T_25.8;
T_25.4 ;
    %pushi/vec4 3, 0, 3;
    %assign/vec4 v0x12662c9d0_0, 0;
    %pushi/vec4 1, 0, 1;
    %assign/vec4 v0x12662c500_0, 0;
    %load/vec4 v0x12662c0d0_0;
    %assign/vec4 v0x12662c920_0, 0;
    %pushi/vec4 7, 0, 3;
    %assign/vec4 v0x12662c660_0, 0;
    %load/vec4 v0x12662c0d0_0;
    %parti/s 1, 7, 4;
    %flag_set/vec4 8;
    %jmp/0 T_25.11, 8;
    %pushi/vec4 29, 0, 32;
    %jmp/1 T_25.12, 8;
T_25.11 ; End of true expr.
    %pushi/vec4 14, 0, 32;
    %jmp/0 T_25.12, 8;
 ; End of false expr.
    %blend;
T_25.12;
    %pad/s 16;
    %assign/vec4 v0x12662c880_0, 0;
    %jmp T_25.8;
T_25.5 ;
    %load/vec4 v0x12662c880_0;
    %pad/u 32;
    %cmpi/e 0, 0, 32;
    %jmp/0xz  T_25.13, 4;
    %pushi/vec4 4, 0, 3;
    %assign/vec4 v0x12662c9d0_0, 0;
    %pushi/vec4 0, 0, 1;
    %assign/vec4 v0x12662c500_0, 0;
    %load/vec4 v0x12662c920_0;
    %parti/s 1, 7, 4;
    %flag_set/vec4 8;
    %jmp/0 T_25.15, 8;
    %pushi/vec4 29, 0, 32;
    %jmp/1 T_25.16, 8;
T_25.15 ; End of true expr.
    %pushi/vec4 44, 0, 32;
    %jmp/0 T_25.16, 8;
 ; End of false expr.
    %blend;
T_25.16;
    %pad/s 16;
    %assign/vec4 v0x12662c880_0, 0;
    %jmp T_25.14;
T_25.13 ;
    %load/vec4 v0x12662c880_0;
    %subi 1, 0, 16;
    %assign/vec4 v0x12662c880_0, 0;
T_25.14 ;
    %jmp T_25.8;
T_25.6 ;
    %load/vec4 v0x12662c880_0;
    %pad/u 32;
    %cmpi/e 0, 0, 32;
    %jmp/0xz  T_25.17, 4;
    %load/vec4 v0x12662c920_0;
    %parti/s 7, 0, 2;
    %concati/vec4 0, 0, 1;
    %assign/vec4 v0x12662c920_0, 0;
    %load/vec4 v0x12662c660_0;
    %pad/u 32;
    %cmpi/e 0, 0, 32;
    %jmp/0xz  T_25.19, 4;
    %load/vec4 v0x12662c6f0_0;
    %pad/u 32;
    %cmpi/e 0, 0, 32;
    %jmp/0xz  T_25.21, 4;
    %pushi/vec4 5, 0, 3;
    %assign/vec4 v0x12662c9d0_0, 0;
    %pushi/vec4 1, 0, 1;
    %assign/vec4 v0x12662c460_0, 0;
    %pushi/vec4 2499, 0, 16;
    %assign/vec4 v0x12662c880_0, 0;
    %jmp T_25.22;
T_25.21 ;
    %pushi/vec4 1, 0, 3;
    %assign/vec4 v0x12662c9d0_0, 0;
    %load/vec4 v0x12662c6f0_0;
    %subi 1, 0, 10;
    %assign/vec4 v0x12662c6f0_0, 0;
T_25.22 ;
    %jmp T_25.20;
T_25.19 ;
    %load/vec4 v0x12662c660_0;
    %subi 1, 0, 3;
    %assign/vec4 v0x12662c660_0, 0;
    %pushi/vec4 3, 0, 3;
    %assign/vec4 v0x12662c9d0_0, 0;
    %pushi/vec4 1, 0, 1;
    %assign/vec4 v0x12662c500_0, 0;
    %load/vec4 v0x12662c920_0;
    %parti/s 1, 6, 4;
    %flag_set/vec4 8;
    %jmp/0 T_25.23, 8;
    %pushi/vec4 29, 0, 32;
    %jmp/1 T_25.24, 8;
T_25.23 ; End of true expr.
    %pushi/vec4 14, 0, 32;
    %jmp/0 T_25.24, 8;
 ; End of false expr.
    %blend;
T_25.24;
    %pad/s 16;
    %assign/vec4 v0x12662c880_0, 0;
T_25.20 ;
    %jmp T_25.18;
T_25.17 ;
    %load/vec4 v0x12662c880_0;
    %subi 1, 0, 16;
    %assign/vec4 v0x12662c880_0, 0;
T_25.18 ;
    %jmp T_25.8;
T_25.7 ;
    %pushi/vec4 0, 0, 1;
    %assign/vec4 v0x12662c500_0, 0;
    %load/vec4 v0x12662c880_0;
    %pad/u 32;
    %cmpi/e 0, 0, 32;
    %jmp/0xz  T_25.25, 4;
    %pushi/vec4 0, 0, 3;
    %assign/vec4 v0x12662c9d0_0, 0;
    %jmp T_25.26;
T_25.25 ;
    %load/vec4 v0x12662c880_0;
    %subi 1, 0, 16;
    %assign/vec4 v0x12662c880_0, 0;
T_25.26 ;
    %jmp T_25.8;
T_25.8 ;
    %pop/vec4 1;
T_25.1 ;
    %jmp T_25;
    .thread T_25;
    .scope S_0x12662dcb0;
T_26 ;
    %pushi/vec4 0, 0, 1;
    %store/vec4 v0x12662e9f0_0, 0, 1;
    %end;
    .thread T_26, $init;
    .scope S_0x12662dcb0;
T_27 ;
    %wait E_0x126613930;
    %load/vec4 v0x12662e760_0;
    %flag_set/vec4 9;
    %flag_get/vec4 9;
    %jmp/0 T_27.2, 9;
    %load/vec4 v0x12662e9f0_0;
    %pad/u 32;
    %pushi/vec4 0, 0, 32;
    %cmp/e;
    %flag_get/vec4 4;
    %and;
T_27.2;
    %flag_set/vec4 8;
    %jmp/0xz  T_27.0, 8;
    %load/vec4 v0x12662e6c0_0;
    %load/vec4 v0x12662e5b0_0;
    %pad/u 11;
    %ix/vec4 3;
    %ix/load 4, 0, 0; Constant delay
    %assign/vec4/a/d v0x12662e8b0, 0, 4;
T_27.0 ;
    %jmp T_27;
    .thread T_27;
    .scope S_0x12662dcb0;
T_28 ;
    %wait E_0x126613930;
    %load/vec4 v0x12662e760_0;
    %flag_set/vec4 9;
    %flag_get/vec4 9;
    %jmp/0 T_28.2, 9;
    %load/vec4 v0x12662e9f0_0;
    %pad/u 32;
    %pushi/vec4 1, 0, 32;
    %cmp/e;
    %flag_get/vec4 4;
    %and;
T_28.2;
    %flag_set/vec4 8;
    %jmp/0xz  T_28.0, 8;
    %load/vec4 v0x12662e6c0_0;
    %load/vec4 v0x12662e5b0_0;
    %pad/u 11;
    %ix/vec4 3;
    %ix/load 4, 0, 0; Constant delay
    %assign/vec4/a/d v0x12662e950, 0, 4;
T_28.0 ;
    %jmp T_28;
    .thread T_28;
    .scope S_0x12662dcb0;
T_29 ;
    %wait E_0x126613930;
    %load/vec4 v0x12662e400_0;
    %pad/u 11;
    %ix/vec4 4;
    %load/vec4a v0x12662e8b0, 4;
    %assign/vec4 v0x12662ea90_0, 0;
    %jmp T_29;
    .thread T_29;
    .scope S_0x12662dcb0;
T_30 ;
    %wait E_0x126613930;
    %load/vec4 v0x12662e400_0;
    %pad/u 11;
    %ix/vec4 4;
    %load/vec4a v0x12662e950, 4;
    %assign/vec4 v0x12662eb40_0, 0;
    %jmp T_30;
    .thread T_30;
    .scope S_0x12662dcb0;
T_31 ;
    %wait E_0x126613930;
    %load/vec4 v0x12662e490_0;
    %nor/r;
    %flag_set/vec4 8;
    %jmp/0xz  T_31.0, 8;
    %pushi/vec4 0, 0, 1;
    %assign/vec4 v0x12662e9f0_0, 0;
    %jmp T_31.1;
T_31.0 ;
    %load/vec4 v0x12662e520_0;
    %flag_set/vec4 8;
    %jmp/0xz  T_31.2, 8;
    %load/vec4 v0x12662e9f0_0;
    %inv;
    %assign/vec4 v0x12662e9f0_0, 0;
T_31.2 ;
T_31.1 ;
    %jmp T_31;
    .thread T_31;
    .scope S_0x12662ed70;
T_32 ;
    %pushi/vec4 0, 0, 3;
    %store/vec4 v0x126630220_0, 0, 3;
    %pushi/vec4 0, 0, 16;
    %store/vec4 v0x1266300d0_0, 0, 16;
    %pushi/vec4 0, 0, 3;
    %store/vec4 v0x12662feb0_0, 0, 3;
    %pushi/vec4 0, 0, 8;
    %store/vec4 v0x126630170_0, 0, 8;
    %pushi/vec4 0, 0, 10;
    %store/vec4 v0x12662ff40_0, 0, 10;
    %end;
    .thread T_32, $init;
    .scope S_0x12662ed70;
T_33 ;
    %wait E_0x126613930;
    %load/vec4 v0x12662f9c0_0;
    %nor/r;
    %flag_set/vec4 8;
    %jmp/0xz  T_33.0, 8;
    %pushi/vec4 0, 0, 3;
    %assign/vec4 v0x126630220_0, 0;
    %pushi/vec4 0, 0, 16;
    %assign/vec4 v0x1266300d0_0, 0;
    %pushi/vec4 0, 0, 3;
    %assign/vec4 v0x12662feb0_0, 0;
    %pushi/vec4 0, 0, 8;
    %assign/vec4 v0x126630170_0, 0;
    %pushi/vec4 0, 0, 10;
    %assign/vec4 v0x12662ff40_0, 0;
    %jmp T_33.1;
T_33.0 ;
    %load/vec4 v0x126630220_0;
    %dup/vec4;
    %pushi/vec4 0, 0, 3;
    %cmp/u;
    %jmp/1 T_33.2, 6;
    %dup/vec4;
    %pushi/vec4 1, 0, 3;
    %cmp/u;
    %jmp/1 T_33.3, 6;
    %dup/vec4;
    %pushi/vec4 2, 0, 3;
    %cmp/u;
    %jmp/1 T_33.4, 6;
    %dup/vec4;
    %pushi/vec4 3, 0, 3;
    %cmp/u;
    %jmp/1 T_33.5, 6;
    %dup/vec4;
    %pushi/vec4 4, 0, 3;
    %cmp/u;
    %jmp/1 T_33.6, 6;
    %dup/vec4;
    %pushi/vec4 5, 0, 3;
    %cmp/u;
    %jmp/1 T_33.7, 6;
    %jmp T_33.8;
T_33.2 ;
    %load/vec4 v0x12662fad0_0;
    %flag_set/vec4 8;
    %jmp/0xz  T_33.9, 8;
    %pushi/vec4 1, 0, 1;
    %assign/vec4 v0x12662fb60_0, 0;
    %pushi/vec4 1, 0, 3;
    %assign/vec4 v0x126630220_0, 0;
    %pushi/vec4 599, 0, 10;
    %assign/vec4 v0x12662ff40_0, 0;
    %jmp T_33.10;
T_33.9 ;
    %pushi/vec4 0, 0, 1;
    %assign/vec4 v0x12662fd50_0, 0;
    %pushi/vec4 0, 0, 1;
    %assign/vec4 v0x12662fb60_0, 0;
    %pushi/vec4 0, 0, 1;
    %assign/vec4 v0x12662fcb0_0, 0;
T_33.10 ;
    %jmp T_33.8;
T_33.3 ;
    %pushi/vec4 2, 0, 3;
    %assign/vec4 v0x126630220_0, 0;
    %jmp T_33.8;
T_33.4 ;
    %pushi/vec4 3, 0, 3;
    %assign/vec4 v0x126630220_0, 0;
    %pushi/vec4 1, 0, 1;
    %assign/vec4 v0x12662fd50_0, 0;
    %load/vec4 v0x12662f920_0;
    %assign/vec4 v0x126630170_0, 0;
    %pushi/vec4 7, 0, 3;
    %assign/vec4 v0x12662feb0_0, 0;
    %load/vec4 v0x12662f920_0;
    %parti/s 1, 7, 4;
    %flag_set/vec4 8;
    %jmp/0 T_33.11, 8;
    %pushi/vec4 29, 0, 32;
    %jmp/1 T_33.12, 8;
T_33.11 ; End of true expr.
    %pushi/vec4 14, 0, 32;
    %jmp/0 T_33.12, 8;
 ; End of false expr.
    %blend;
T_33.12;
    %pad/s 16;
    %assign/vec4 v0x1266300d0_0, 0;
    %jmp T_33.8;
T_33.5 ;
    %load/vec4 v0x1266300d0_0;
    %pad/u 32;
    %cmpi/e 0, 0, 32;
    %jmp/0xz  T_33.13, 4;
    %pushi/vec4 4, 0, 3;
    %assign/vec4 v0x126630220_0, 0;
    %pushi/vec4 0, 0, 1;
    %assign/vec4 v0x12662fd50_0, 0;
    %load/vec4 v0x126630170_0;
    %parti/s 1, 7, 4;
    %flag_set/vec4 8;
    %jmp/0 T_33.15, 8;
    %pushi/vec4 29, 0, 32;
    %jmp/1 T_33.16, 8;
T_33.15 ; End of true expr.
    %pushi/vec4 44, 0, 32;
    %jmp/0 T_33.16, 8;
 ; End of false expr.
    %blend;
T_33.16;
    %pad/s 16;
    %assign/vec4 v0x1266300d0_0, 0;
    %jmp T_33.14;
T_33.13 ;
    %load/vec4 v0x1266300d0_0;
    %subi 1, 0, 16;
    %assign/vec4 v0x1266300d0_0, 0;
T_33.14 ;
    %jmp T_33.8;
T_33.6 ;
    %load/vec4 v0x1266300d0_0;
    %pad/u 32;
    %cmpi/e 0, 0, 32;
    %jmp/0xz  T_33.17, 4;
    %load/vec4 v0x126630170_0;
    %parti/s 7, 0, 2;
    %concati/vec4 0, 0, 1;
    %assign/vec4 v0x126630170_0, 0;
    %load/vec4 v0x12662feb0_0;
    %pad/u 32;
    %cmpi/e 0, 0, 32;
    %jmp/0xz  T_33.19, 4;
    %load/vec4 v0x12662ff40_0;
    %pad/u 32;
    %cmpi/e 0, 0, 32;
    %jmp/0xz  T_33.21, 4;
    %pushi/vec4 5, 0, 3;
    %assign/vec4 v0x126630220_0, 0;
    %pushi/vec4 1, 0, 1;
    %assign/vec4 v0x12662fcb0_0, 0;
    %pushi/vec4 2499, 0, 16;
    %assign/vec4 v0x1266300d0_0, 0;
    %jmp T_33.22;
T_33.21 ;
    %pushi/vec4 1, 0, 3;
    %assign/vec4 v0x126630220_0, 0;
    %load/vec4 v0x12662ff40_0;
    %subi 1, 0, 10;
    %assign/vec4 v0x12662ff40_0, 0;
T_33.22 ;
    %jmp T_33.20;
T_33.19 ;
    %load/vec4 v0x12662feb0_0;
    %subi 1, 0, 3;
    %assign/vec4 v0x12662feb0_0, 0;
    %pushi/vec4 3, 0, 3;
    %assign/vec4 v0x126630220_0, 0;
    %pushi/vec4 1, 0, 1;
    %assign/vec4 v0x12662fd50_0, 0;
    %load/vec4 v0x126630170_0;
    %parti/s 1, 6, 4;
    %flag_set/vec4 8;
    %jmp/0 T_33.23, 8;
    %pushi/vec4 29, 0, 32;
    %jmp/1 T_33.24, 8;
T_33.23 ; End of true expr.
    %pushi/vec4 14, 0, 32;
    %jmp/0 T_33.24, 8;
 ; End of false expr.
    %blend;
T_33.24;
    %pad/s 16;
    %assign/vec4 v0x1266300d0_0, 0;
T_33.20 ;
    %jmp T_33.18;
T_33.17 ;
    %load/vec4 v0x1266300d0_0;
    %subi 1, 0, 16;
    %assign/vec4 v0x1266300d0_0, 0;
T_33.18 ;
    %jmp T_33.8;
T_33.7 ;
    %pushi/vec4 0, 0, 1;
    %assign/vec4 v0x12662fd50_0, 0;
    %load/vec4 v0x1266300d0_0;
    %pad/u 32;
    %cmpi/e 0, 0, 32;
    %jmp/0xz  T_33.25, 4;
    %pushi/vec4 0, 0, 3;
    %assign/vec4 v0x126630220_0, 0;
    %jmp T_33.26;
T_33.25 ;
    %load/vec4 v0x1266300d0_0;
    %subi 1, 0, 16;
    %assign/vec4 v0x1266300d0_0, 0;
T_33.26 ;
    %jmp T_33.8;
T_33.8 ;
    %pop/vec4 1;
T_33.1 ;
    %jmp T_33;
    .thread T_33;
    .scope S_0x126631520;
T_34 ;
    %pushi/vec4 0, 0, 1;
    %store/vec4 v0x126632400_0, 0, 1;
    %end;
    .thread T_34, $init;
    .scope S_0x126631520;
T_35 ;
    %wait E_0x126613930;
    %load/vec4 v0x1266321c0_0;
    %flag_set/vec4 9;
    %flag_get/vec4 9;
    %jmp/0 T_35.2, 9;
    %load/vec4 v0x126632400_0;
    %pad/u 32;
    %pushi/vec4 0, 0, 32;
    %cmp/e;
    %flag_get/vec4 4;
    %and;
T_35.2;
    %flag_set/vec4 8;
    %jmp/0xz  T_35.0, 8;
    %load/vec4 v0x1266320b0_0;
    %load/vec4 v0x126632020_0;
    %pad/u 11;
    %ix/vec4 3;
    %ix/load 4, 0, 0; Constant delay
    %assign/vec4/a/d v0x1266322e0, 0, 4;
T_35.0 ;
    %jmp T_35;
    .thread T_35;
    .scope S_0x126631520;
T_36 ;
    %wait E_0x126613930;
    %load/vec4 v0x1266321c0_0;
    %flag_set/vec4 9;
    %flag_get/vec4 9;
    %jmp/0 T_36.2, 9;
    %load/vec4 v0x126632400_0;
    %pad/u 32;
    %pushi/vec4 1, 0, 32;
    %cmp/e;
    %flag_get/vec4 4;
    %and;
T_36.2;
    %flag_set/vec4 8;
    %jmp/0xz  T_36.0, 8;
    %load/vec4 v0x1266320b0_0;
    %load/vec4 v0x126632020_0;
    %pad/u 11;
    %ix/vec4 3;
    %ix/load 4, 0, 0; Constant delay
    %assign/vec4/a/d v0x126632370, 0, 4;
T_36.0 ;
    %jmp T_36;
    .thread T_36;
    .scope S_0x126631520;
T_37 ;
    %wait E_0x126613930;
    %load/vec4 v0x126631d70_0;
    %pad/u 11;
    %ix/vec4 4;
    %load/vec4a v0x1266322e0, 4;
    %assign/vec4 v0x126632490_0, 0;
    %jmp T_37;
    .thread T_37;
    .scope S_0x126631520;
T_38 ;
    %wait E_0x126613930;
    %load/vec4 v0x126631d70_0;
    %pad/u 11;
    %ix/vec4 4;
    %load/vec4a v0x126632370, 4;
    %assign/vec4 v0x126632520_0, 0;
    %jmp T_38;
    .thread T_38;
    .scope S_0x126631520;
T_39 ;
    %wait E_0x126613930;
    %load/vec4 v0x126631e00_0;
    %nor/r;
    %flag_set/vec4 8;
    %jmp/0xz  T_39.0, 8;
    %pushi/vec4 0, 0, 1;
    %assign/vec4 v0x126632400_0, 0;
    %jmp T_39.1;
T_39.0 ;
    %load/vec4 v0x126631f90_0;
    %flag_set/vec4 8;
    %jmp/0xz  T_39.2, 8;
    %load/vec4 v0x126632400_0;
    %inv;
    %assign/vec4 v0x126632400_0, 0;
T_39.2 ;
T_39.1 ;
    %jmp T_39;
    .thread T_39;
    .scope S_0x126632720;
T_40 ;
    %pushi/vec4 0, 0, 3;
    %store/vec4 v0x126633bd0_0, 0, 3;
    %pushi/vec4 0, 0, 16;
    %store/vec4 v0x126633a80_0, 0, 16;
    %pushi/vec4 0, 0, 3;
    %store/vec4 v0x126633860_0, 0, 3;
    %pushi/vec4 0, 0, 8;
    %store/vec4 v0x126633b20_0, 0, 8;
    %pushi/vec4 0, 0, 10;
    %store/vec4 v0x1266338f0_0, 0, 10;
    %end;
    .thread T_40, $init;
    .scope S_0x126632720;
T_41 ;
    %wait E_0x126613930;
    %load/vec4 v0x126633370_0;
    %nor/r;
    %flag_set/vec4 8;
    %jmp/0xz  T_41.0, 8;
    %pushi/vec4 0, 0, 3;
    %assign/vec4 v0x126633bd0_0, 0;
    %pushi/vec4 0, 0, 16;
    %assign/vec4 v0x126633a80_0, 0;
    %pushi/vec4 0, 0, 3;
    %assign/vec4 v0x126633860_0, 0;
    %pushi/vec4 0, 0, 8;
    %assign/vec4 v0x126633b20_0, 0;
    %pushi/vec4 0, 0, 10;
    %assign/vec4 v0x1266338f0_0, 0;
    %jmp T_41.1;
T_41.0 ;
    %load/vec4 v0x126633bd0_0;
    %dup/vec4;
    %pushi/vec4 0, 0, 3;
    %cmp/u;
    %jmp/1 T_41.2, 6;
    %dup/vec4;
    %pushi/vec4 1, 0, 3;
    %cmp/u;
    %jmp/1 T_41.3, 6;
    %dup/vec4;
    %pushi/vec4 2, 0, 3;
    %cmp/u;
    %jmp/1 T_41.4, 6;
    %dup/vec4;
    %pushi/vec4 3, 0, 3;
    %cmp/u;
    %jmp/1 T_41.5, 6;
    %dup/vec4;
    %pushi/vec4 4, 0, 3;
    %cmp/u;
    %jmp/1 T_41.6, 6;
    %dup/vec4;
    %pushi/vec4 5, 0, 3;
    %cmp/u;
    %jmp/1 T_41.7, 6;
    %jmp T_41.8;
T_41.2 ;
    %load/vec4 v0x126633480_0;
    %flag_set/vec4 8;
    %jmp/0xz  T_41.9, 8;
    %pushi/vec4 1, 0, 1;
    %assign/vec4 v0x126633510_0, 0;
    %pushi/vec4 1, 0, 3;
    %assign/vec4 v0x126633bd0_0, 0;
    %pushi/vec4 599, 0, 10;
    %assign/vec4 v0x1266338f0_0, 0;
    %jmp T_41.10;
T_41.9 ;
    %pushi/vec4 0, 0, 1;
    %assign/vec4 v0x126633700_0, 0;
    %pushi/vec4 0, 0, 1;
    %assign/vec4 v0x126633510_0, 0;
    %pushi/vec4 0, 0, 1;
    %assign/vec4 v0x126633660_0, 0;
T_41.10 ;
    %jmp T_41.8;
T_41.3 ;
    %pushi/vec4 2, 0, 3;
    %assign/vec4 v0x126633bd0_0, 0;
    %jmp T_41.8;
T_41.4 ;
    %pushi/vec4 3, 0, 3;
    %assign/vec4 v0x126633bd0_0, 0;
    %pushi/vec4 1, 0, 1;
    %assign/vec4 v0x126633700_0, 0;
    %load/vec4 v0x1266332d0_0;
    %assign/vec4 v0x126633b20_0, 0;
    %pushi/vec4 7, 0, 3;
    %assign/vec4 v0x126633860_0, 0;
    %load/vec4 v0x1266332d0_0;
    %parti/s 1, 7, 4;
    %flag_set/vec4 8;
    %jmp/0 T_41.11, 8;
    %pushi/vec4 29, 0, 32;
    %jmp/1 T_41.12, 8;
T_41.11 ; End of true expr.
    %pushi/vec4 14, 0, 32;
    %jmp/0 T_41.12, 8;
 ; End of false expr.
    %blend;
T_41.12;
    %pad/s 16;
    %assign/vec4 v0x126633a80_0, 0;
    %jmp T_41.8;
T_41.5 ;
    %load/vec4 v0x126633a80_0;
    %pad/u 32;
    %cmpi/e 0, 0, 32;
    %jmp/0xz  T_41.13, 4;
    %pushi/vec4 4, 0, 3;
    %assign/vec4 v0x126633bd0_0, 0;
    %pushi/vec4 0, 0, 1;
    %assign/vec4 v0x126633700_0, 0;
    %load/vec4 v0x126633b20_0;
    %parti/s 1, 7, 4;
    %flag_set/vec4 8;
    %jmp/0 T_41.15, 8;
    %pushi/vec4 29, 0, 32;
    %jmp/1 T_41.16, 8;
T_41.15 ; End of true expr.
    %pushi/vec4 44, 0, 32;
    %jmp/0 T_41.16, 8;
 ; End of false expr.
    %blend;
T_41.16;
    %pad/s 16;
    %assign/vec4 v0x126633a80_0, 0;
    %jmp T_41.14;
T_41.13 ;
    %load/vec4 v0x126633a80_0;
    %subi 1, 0, 16;
    %assign/vec4 v0x126633a80_0, 0;
T_41.14 ;
    %jmp T_41.8;
T_41.6 ;
    %load/vec4 v0x126633a80_0;
    %pad/u 32;
    %cmpi/e 0, 0, 32;
    %jmp/0xz  T_41.17, 4;
    %load/vec4 v0x126633b20_0;
    %parti/s 7, 0, 2;
    %concati/vec4 0, 0, 1;
    %assign/vec4 v0x126633b20_0, 0;
    %load/vec4 v0x126633860_0;
    %pad/u 32;
    %cmpi/e 0, 0, 32;
    %jmp/0xz  T_41.19, 4;
    %load/vec4 v0x1266338f0_0;
    %pad/u 32;
    %cmpi/e 0, 0, 32;
    %jmp/0xz  T_41.21, 4;
    %pushi/vec4 5, 0, 3;
    %assign/vec4 v0x126633bd0_0, 0;
    %pushi/vec4 1, 0, 1;
    %assign/vec4 v0x126633660_0, 0;
    %pushi/vec4 2499, 0, 16;
    %assign/vec4 v0x126633a80_0, 0;
    %jmp T_41.22;
T_41.21 ;
    %pushi/vec4 1, 0, 3;
    %assign/vec4 v0x126633bd0_0, 0;
    %load/vec4 v0x1266338f0_0;
    %subi 1, 0, 10;
    %assign/vec4 v0x1266338f0_0, 0;
T_41.22 ;
    %jmp T_41.20;
T_41.19 ;
    %load/vec4 v0x126633860_0;
    %subi 1, 0, 3;
    %assign/vec4 v0x126633860_0, 0;
    %pushi/vec4 3, 0, 3;
    %assign/vec4 v0x126633bd0_0, 0;
    %pushi/vec4 1, 0, 1;
    %assign/vec4 v0x126633700_0, 0;
    %load/vec4 v0x126633b20_0;
    %parti/s 1, 6, 4;
    %flag_set/vec4 8;
    %jmp/0 T_41.23, 8;
    %pushi/vec4 29, 0, 32;
    %jmp/1 T_41.24, 8;
T_41.23 ; End of true expr.
    %pushi/vec4 14, 0, 32;
    %jmp/0 T_41.24, 8;
 ; End of false expr.
    %blend;
T_41.24;
    %pad/s 16;
    %assign/vec4 v0x126633a80_0, 0;
T_41.20 ;
    %jmp T_41.18;
T_41.17 ;
    %load/vec4 v0x126633a80_0;
    %subi 1, 0, 16;
    %assign/vec4 v0x126633a80_0, 0;
T_41.18 ;
    %jmp T_41.8;
T_41.7 ;
    %pushi/vec4 0, 0, 1;
    %assign/vec4 v0x126633700_0, 0;
    %load/vec4 v0x126633a80_0;
    %pad/u 32;
    %cmpi/e 0, 0, 32;
    %jmp/0xz  T_41.25, 4;
    %pushi/vec4 0, 0, 3;
    %assign/vec4 v0x126633bd0_0, 0;
    %jmp T_41.26;
T_41.25 ;
    %load/vec4 v0x126633a80_0;
    %subi 1, 0, 16;
    %assign/vec4 v0x126633a80_0, 0;
T_41.26 ;
    %jmp T_41.8;
T_41.8 ;
    %pop/vec4 1;
T_41.1 ;
    %jmp T_41;
    .thread T_41;
    .scope S_0x126634eb0;
T_42 ;
    %pushi/vec4 0, 0, 1;
    %store/vec4 v0x126635bf0_0, 0, 1;
    %end;
    .thread T_42, $init;
    .scope S_0x126634eb0;
T_43 ;
    %wait E_0x126613930;
    %load/vec4 v0x126635960_0;
    %flag_set/vec4 9;
    %flag_get/vec4 9;
    %jmp/0 T_43.2, 9;
    %load/vec4 v0x126635bf0_0;
    %pad/u 32;
    %pushi/vec4 0, 0, 32;
    %cmp/e;
    %flag_get/vec4 4;
    %and;
T_43.2;
    %flag_set/vec4 8;
    %jmp/0xz  T_43.0, 8;
    %load/vec4 v0x1266358c0_0;
    %load/vec4 v0x1266357b0_0;
    %pad/u 11;
    %ix/vec4 3;
    %ix/load 4, 0, 0; Constant delay
    %assign/vec4/a/d v0x126635ab0, 0, 4;
T_43.0 ;
    %jmp T_43;
    .thread T_43;
    .scope S_0x126634eb0;
T_44 ;
    %wait E_0x126613930;
    %load/vec4 v0x126635960_0;
    %flag_set/vec4 9;
    %flag_get/vec4 9;
    %jmp/0 T_44.2, 9;
    %load/vec4 v0x126635bf0_0;
    %pad/u 32;
    %pushi/vec4 1, 0, 32;
    %cmp/e;
    %flag_get/vec4 4;
    %and;
T_44.2;
    %flag_set/vec4 8;
    %jmp/0xz  T_44.0, 8;
    %load/vec4 v0x1266358c0_0;
    %load/vec4 v0x1266357b0_0;
    %pad/u 11;
    %ix/vec4 3;
    %ix/load 4, 0, 0; Constant delay
    %assign/vec4/a/d v0x126635b50, 0, 4;
T_44.0 ;
    %jmp T_44;
    .thread T_44;
    .scope S_0x126634eb0;
T_45 ;
    %wait E_0x126613930;
    %load/vec4 v0x126635600_0;
    %pad/u 11;
    %ix/vec4 4;
    %load/vec4a v0x126635ab0, 4;
    %assign/vec4 v0x126635c90_0, 0;
    %jmp T_45;
    .thread T_45;
    .scope S_0x126634eb0;
T_46 ;
    %wait E_0x126613930;
    %load/vec4 v0x126635600_0;
    %pad/u 11;
    %ix/vec4 4;
    %load/vec4a v0x126635b50, 4;
    %assign/vec4 v0x126635d40_0, 0;
    %jmp T_46;
    .thread T_46;
    .scope S_0x126634eb0;
T_47 ;
    %wait E_0x126613930;
    %load/vec4 v0x126635690_0;
    %nor/r;
    %flag_set/vec4 8;
    %jmp/0xz  T_47.0, 8;
    %pushi/vec4 0, 0, 1;
    %assign/vec4 v0x126635bf0_0, 0;
    %jmp T_47.1;
T_47.0 ;
    %load/vec4 v0x126635720_0;
    %flag_set/vec4 8;
    %jmp/0xz  T_47.2, 8;
    %load/vec4 v0x126635bf0_0;
    %inv;
    %assign/vec4 v0x126635bf0_0, 0;
T_47.2 ;
T_47.1 ;
    %jmp T_47;
    .thread T_47;
    .scope S_0x126635f70;
T_48 ;
    %pushi/vec4 0, 0, 3;
    %store/vec4 v0x126637420_0, 0, 3;
    %pushi/vec4 0, 0, 16;
    %store/vec4 v0x1266372d0_0, 0, 16;
    %pushi/vec4 0, 0, 3;
    %store/vec4 v0x1266370b0_0, 0, 3;
    %pushi/vec4 0, 0, 8;
    %store/vec4 v0x126637370_0, 0, 8;
    %pushi/vec4 0, 0, 10;
    %store/vec4 v0x126637140_0, 0, 10;
    %end;
    .thread T_48, $init;
    .scope S_0x126635f70;
T_49 ;
    %wait E_0x126613930;
    %load/vec4 v0x126636bc0_0;
    %nor/r;
    %flag_set/vec4 8;
    %jmp/0xz  T_49.0, 8;
    %pushi/vec4 0, 0, 3;
    %assign/vec4 v0x126637420_0, 0;
    %pushi/vec4 0, 0, 16;
    %assign/vec4 v0x1266372d0_0, 0;
    %pushi/vec4 0, 0, 3;
    %assign/vec4 v0x1266370b0_0, 0;
    %pushi/vec4 0, 0, 8;
    %assign/vec4 v0x126637370_0, 0;
    %pushi/vec4 0, 0, 10;
    %assign/vec4 v0x126637140_0, 0;
    %jmp T_49.1;
T_49.0 ;
    %load/vec4 v0x126637420_0;
    %dup/vec4;
    %pushi/vec4 0, 0, 3;
    %cmp/u;
    %jmp/1 T_49.2, 6;
    %dup/vec4;
    %pushi/vec4 1, 0, 3;
    %cmp/u;
    %jmp/1 T_49.3, 6;
    %dup/vec4;
    %pushi/vec4 2, 0, 3;
    %cmp/u;
    %jmp/1 T_49.4, 6;
    %dup/vec4;
    %pushi/vec4 3, 0, 3;
    %cmp/u;
    %jmp/1 T_49.5, 6;
    %dup/vec4;
    %pushi/vec4 4, 0, 3;
    %cmp/u;
    %jmp/1 T_49.6, 6;
    %dup/vec4;
    %pushi/vec4 5, 0, 3;
    %cmp/u;
    %jmp/1 T_49.7, 6;
    %jmp T_49.8;
T_49.2 ;
    %load/vec4 v0x126636cd0_0;
    %flag_set/vec4 8;
    %jmp/0xz  T_49.9, 8;
    %pushi/vec4 1, 0, 1;
    %assign/vec4 v0x126636d60_0, 0;
    %pushi/vec4 1, 0, 3;
    %assign/vec4 v0x126637420_0, 0;
    %pushi/vec4 599, 0, 10;
    %assign/vec4 v0x126637140_0, 0;
    %jmp T_49.10;
T_49.9 ;
    %pushi/vec4 0, 0, 1;
    %assign/vec4 v0x126636f50_0, 0;
    %pushi/vec4 0, 0, 1;
    %assign/vec4 v0x126636d60_0, 0;
    %pushi/vec4 0, 0, 1;
    %assign/vec4 v0x126636eb0_0, 0;
T_49.10 ;
    %jmp T_49.8;
T_49.3 ;
    %pushi/vec4 2, 0, 3;
    %assign/vec4 v0x126637420_0, 0;
    %jmp T_49.8;
T_49.4 ;
    %pushi/vec4 3, 0, 3;
    %assign/vec4 v0x126637420_0, 0;
    %pushi/vec4 1, 0, 1;
    %assign/vec4 v0x126636f50_0, 0;
    %load/vec4 v0x126636b20_0;
    %assign/vec4 v0x126637370_0, 0;
    %pushi/vec4 7, 0, 3;
    %assign/vec4 v0x1266370b0_0, 0;
    %load/vec4 v0x126636b20_0;
    %parti/s 1, 7, 4;
    %flag_set/vec4 8;
    %jmp/0 T_49.11, 8;
    %pushi/vec4 29, 0, 32;
    %jmp/1 T_49.12, 8;
T_49.11 ; End of true expr.
    %pushi/vec4 14, 0, 32;
    %jmp/0 T_49.12, 8;
 ; End of false expr.
    %blend;
T_49.12;
    %pad/s 16;
    %assign/vec4 v0x1266372d0_0, 0;
    %jmp T_49.8;
T_49.5 ;
    %load/vec4 v0x1266372d0_0;
    %pad/u 32;
    %cmpi/e 0, 0, 32;
    %jmp/0xz  T_49.13, 4;
    %pushi/vec4 4, 0, 3;
    %assign/vec4 v0x126637420_0, 0;
    %pushi/vec4 0, 0, 1;
    %assign/vec4 v0x126636f50_0, 0;
    %load/vec4 v0x126637370_0;
    %parti/s 1, 7, 4;
    %flag_set/vec4 8;
    %jmp/0 T_49.15, 8;
    %pushi/vec4 29, 0, 32;
    %jmp/1 T_49.16, 8;
T_49.15 ; End of true expr.
    %pushi/vec4 44, 0, 32;
    %jmp/0 T_49.16, 8;
 ; End of false expr.
    %blend;
T_49.16;
    %pad/s 16;
    %assign/vec4 v0x1266372d0_0, 0;
    %jmp T_49.14;
T_49.13 ;
    %load/vec4 v0x1266372d0_0;
    %subi 1, 0, 16;
    %assign/vec4 v0x1266372d0_0, 0;
T_49.14 ;
    %jmp T_49.8;
T_49.6 ;
    %load/vec4 v0x1266372d0_0;
    %pad/u 32;
    %cmpi/e 0, 0, 32;
    %jmp/0xz  T_49.17, 4;
    %load/vec4 v0x126637370_0;
    %parti/s 7, 0, 2;
    %concati/vec4 0, 0, 1;
    %assign/vec4 v0x126637370_0, 0;
    %load/vec4 v0x1266370b0_0;
    %pad/u 32;
    %cmpi/e 0, 0, 32;
    %jmp/0xz  T_49.19, 4;
    %load/vec4 v0x126637140_0;
    %pad/u 32;
    %cmpi/e 0, 0, 32;
    %jmp/0xz  T_49.21, 4;
    %pushi/vec4 5, 0, 3;
    %assign/vec4 v0x126637420_0, 0;
    %pushi/vec4 1, 0, 1;
    %assign/vec4 v0x126636eb0_0, 0;
    %pushi/vec4 2499, 0, 16;
    %assign/vec4 v0x1266372d0_0, 0;
    %jmp T_49.22;
T_49.21 ;
    %pushi/vec4 1, 0, 3;
    %assign/vec4 v0x126637420_0, 0;
    %load/vec4 v0x126637140_0;
    %subi 1, 0, 10;
    %assign/vec4 v0x126637140_0, 0;
T_49.22 ;
    %jmp T_49.20;
T_49.19 ;
    %load/vec4 v0x1266370b0_0;
    %subi 1, 0, 3;
    %assign/vec4 v0x1266370b0_0, 0;
    %pushi/vec4 3, 0, 3;
    %assign/vec4 v0x126637420_0, 0;
    %pushi/vec4 1, 0, 1;
    %assign/vec4 v0x126636f50_0, 0;
    %load/vec4 v0x126637370_0;
    %parti/s 1, 6, 4;
    %flag_set/vec4 8;
    %jmp/0 T_49.23, 8;
    %pushi/vec4 29, 0, 32;
    %jmp/1 T_49.24, 8;
T_49.23 ; End of true expr.
    %pushi/vec4 14, 0, 32;
    %jmp/0 T_49.24, 8;
 ; End of false expr.
    %blend;
T_49.24;
    %pad/s 16;
    %assign/vec4 v0x1266372d0_0, 0;
T_49.20 ;
    %jmp T_49.18;
T_49.17 ;
    %load/vec4 v0x1266372d0_0;
    %subi 1, 0, 16;
    %assign/vec4 v0x1266372d0_0, 0;
T_49.18 ;
    %jmp T_49.8;
T_49.7 ;
    %pushi/vec4 0, 0, 1;
    %assign/vec4 v0x126636f50_0, 0;
    %load/vec4 v0x1266372d0_0;
    %pad/u 32;
    %cmpi/e 0, 0, 32;
    %jmp/0xz  T_49.25, 4;
    %pushi/vec4 0, 0, 3;
    %assign/vec4 v0x126637420_0, 0;
    %jmp T_49.26;
T_49.25 ;
    %load/vec4 v0x1266372d0_0;
    %subi 1, 0, 16;
    %assign/vec4 v0x1266372d0_0, 0;
T_49.26 ;
    %jmp T_49.8;
T_49.8 ;
    %pop/vec4 1;
T_49.1 ;
    %jmp T_49;
    .thread T_49;
    .scope S_0x1266383e0;
T_50 ;
    %wait E_0x126613930;
    %load/vec4 v0x126639570_0;
    %nor/r;
    %flag_set/vec4 8;
    %jmp/0xz  T_50.0, 8;
    %pushi/vec4 7, 0, 3;
    %assign/vec4 v0x126639ab0_0, 0;
    %pushi/vec4 7, 0, 3;
    %assign/vec4 v0x1266398a0_0, 0;
    %pushi/vec4 0, 0, 3;
    %assign/vec4 v0x126639a00_0, 0;
    %jmp T_50.1;
T_50.0 ;
    %load/vec4 v0x126639ab0_0;
    %parti/s 2, 0, 2;
    %load/vec4 v0x126639600_0;
    %concat/vec4; draw_concat_vec4
    %assign/vec4 v0x126639ab0_0, 0;
    %load/vec4 v0x1266398a0_0;
    %parti/s 2, 0, 2;
    %load/vec4 v0x126639430_0;
    %concat/vec4; draw_concat_vec4
    %assign/vec4 v0x1266398a0_0, 0;
    %load/vec4 v0x126639a00_0;
    %parti/s 2, 0, 2;
    %load/vec4 v0x1266394d0_0;
    %concat/vec4; draw_concat_vec4
    %assign/vec4 v0x126639a00_0, 0;
T_50.1 ;
    %jmp T_50;
    .thread T_50;
    .scope S_0x1266383e0;
T_51 ;
    %wait E_0x126613930;
    %load/vec4 v0x126639570_0;
    %nor/r;
    %flag_set/vec4 8;
    %jmp/0xz  T_51.0, 8;
    %pushi/vec4 0, 0, 8;
    %assign/vec4 v0x126639740_0, 0;
    %pushi/vec4 0, 0, 2;
    %assign/vec4 v0x126639950_0, 0;
    %pushi/vec4 0, 0, 3;
    %assign/vec4 v0x1266397f0_0, 0;
    %pushi/vec4 0, 0, 8;
    %assign/vec4 v0x126639b60_0, 0;
    %jmp T_51.1;
T_51.0 ;
    %load/vec4 v0x126639cb0_0;
    %flag_set/vec4 8;
    %jmp/0xz  T_51.2, 8;
    %load/vec4 v0x1266397f0_0;
    %cmpi/e 7, 0, 3;
    %jmp/0xz  T_51.4, 4;
    %pushi/vec4 0, 0, 3;
    %assign/vec4 v0x1266397f0_0, 0;
    %load/vec4 v0x126639b60_0;
    %parti/s 7, 0, 2;
    %load/vec4 v0x126639a00_0;
    %parti/s 1, 2, 3;
    %concat/vec4; draw_concat_vec4
    %assign/vec4 v0x126639740_0, 0;
    %jmp T_51.5;
T_51.4 ;
    %load/vec4 v0x1266397f0_0;
    %addi 1, 0, 3;
    %pushi/vec4 7, 0, 3;
    %and;
    %assign/vec4 v0x1266397f0_0, 0;
    %load/vec4 v0x126639b60_0;
    %parti/s 7, 0, 2;
    %load/vec4 v0x126639a00_0;
    %parti/s 1, 2, 3;
    %concat/vec4; draw_concat_vec4
    %assign/vec4 v0x126639b60_0, 0;
T_51.5 ;
    %jmp T_51.3;
T_51.2 ;
    %load/vec4 v0x126639c10_0;
    %flag_set/vec4 8;
    %jmp/0xz  T_51.6, 8;
    %pushi/vec4 0, 0, 3;
    %assign/vec4 v0x1266397f0_0, 0;
    %pushi/vec4 0, 0, 8;
    %assign/vec4 v0x126639b60_0, 0;
T_51.6 ;
T_51.3 ;
    %load/vec4 v0x126639950_0;
    %parti/s 1, 0, 2;
    %load/vec4 v0x126639cb0_0;
    %flag_set/vec4 8;
    %flag_get/vec4 8;
    %jmp/0 T_51.8, 8;
    %load/vec4 v0x1266397f0_0;
    %pushi/vec4 7, 0, 3;
    %cmp/e;
    %flag_get/vec4 4;
    %and;
T_51.8;
    %concat/vec4; draw_concat_vec4
    %assign/vec4 v0x126639950_0, 0;
T_51.1 ;
    %jmp T_51;
    .thread T_51;
    .scope S_0x126612e60;
T_52 ;
    %pushi/vec4 0, 0, 26;
    %store/vec4 v0x12663a880_0, 0, 26;
    %pushi/vec4 0, 0, 1;
    %store/vec4 v0x12663a680_0, 0, 1;
    %pushi/vec4 0, 0, 26;
    %store/vec4 v0x12663a930_0, 0, 26;
    %pushi/vec4 0, 0, 1;
    %store/vec4 v0x12663aac0_0, 0, 1;
    %pushi/vec4 0, 0, 3;
    %store/vec4 v0x12663ab50_0, 0, 3;
    %pushi/vec4 0, 0, 12;
    %store/vec4 v0x12663a7d0_0, 0, 12;
    %pushi/vec4 0, 0, 3;
    %store/vec4 v0x12663a720_0, 0, 3;
    %end;
    .thread T_52, $init;
    .scope S_0x126612e60;
T_53 ;
    %wait E_0x126613930;
    %load/vec4 v0x12663a180_0;
    %nor/r;
    %flag_set/vec4 8;
    %jmp/0xz  T_53.0, 8;
    %pushi/vec4 0, 0, 26;
    %assign/vec4 v0x12663a880_0, 0;
    %pushi/vec4 0, 0, 1;
    %assign/vec4 v0x12663a680_0, 0;
    %jmp T_53.1;
T_53.0 ;
    %load/vec4 v0x12663a880_0;
    %cmpi/u 25000000, 0, 26;
    %flag_inv 5; GE is !LT
    %jmp/0xz  T_53.2, 5;
    %pushi/vec4 0, 0, 26;
    %assign/vec4 v0x12663a880_0, 0;
    %load/vec4 v0x12663a680_0;
    %inv;
    %assign/vec4 v0x12663a680_0, 0;
    %jmp T_53.3;
T_53.2 ;
    %load/vec4 v0x12663a880_0;
    %addi 1, 0, 26;
    %assign/vec4 v0x12663a880_0, 0;
T_53.3 ;
T_53.1 ;
    %jmp T_53;
    .thread T_53;
    .scope S_0x126612e60;
T_54 ;
    %wait E_0x126613930;
    %load/vec4 v0x12663a180_0;
    %nor/r;
    %flag_set/vec4 8;
    %jmp/0xz  T_54.0, 8;
    %pushi/vec4 0, 0, 26;
    %assign/vec4 v0x12663a930_0, 0;
    %pushi/vec4 0, 0, 1;
    %assign/vec4 v0x12663aac0_0, 0;
    %jmp T_54.1;
T_54.0 ;
    %load/vec4 v0x12663aac0_0;
    %nor/r;
    %flag_set/vec4 8;
    %jmp/0xz  T_54.2, 8;
    %load/vec4 v0x12663a930_0;
    %pad/u 32;
    %cmpi/u 49999, 0, 32;
    %flag_inv 5; GE is !LT
    %jmp/0xz  T_54.4, 5;
    %pushi/vec4 1, 0, 1;
    %assign/vec4 v0x12663aac0_0, 0;
    %jmp T_54.5;
T_54.4 ;
    %load/vec4 v0x12663a930_0;
    %addi 1, 0, 26;
    %assign/vec4 v0x12663a930_0, 0;
T_54.5 ;
T_54.2 ;
T_54.1 ;
    %jmp T_54;
    .thread T_54;
    .scope S_0x126612e60;
T_55 ;
    %wait E_0x126613930;
    %load/vec4 v0x12663a180_0;
    %nor/r;
    %flag_set/vec4 8;
    %jmp/0xz  T_55.0, 8;
    %pushi/vec4 0, 0, 3;
    %assign/vec4 v0x12663ab50_0, 0;
    %pushi/vec4 0, 0, 12;
    %assign/vec4 v0x12663a7d0_0, 0;
    %pushi/vec4 0, 0, 3;
    %assign/vec4 v0x12663a720_0, 0;
    %jmp T_55.1;
T_55.0 ;
    %load/vec4 v0x12663a720_0;
    %parti/s 2, 0, 2;
    %concati/vec4 0, 0, 1;
    %assign/vec4 v0x12663a720_0, 0;
    %load/vec4 v0x12663ab50_0;
    %dup/vec4;
    %pushi/vec4 0, 0, 3;
    %cmp/u;
    %jmp/1 T_55.2, 6;
    %dup/vec4;
    %pushi/vec4 1, 0, 3;
    %cmp/u;
    %jmp/1 T_55.3, 6;
    %dup/vec4;
    %pushi/vec4 2, 0, 3;
    %cmp/u;
    %jmp/1 T_55.4, 6;
    %dup/vec4;
    %pushi/vec4 3, 0, 3;
    %cmp/u;
    %jmp/1 T_55.5, 6;
    %dup/vec4;
    %pushi/vec4 4, 0, 3;
    %cmp/u;
    %jmp/1 T_55.6, 6;
    %jmp T_55.7;
T_55.2 ;
    %load/vec4 v0x12663abf0_0;
    %flag_set/vec4 9;
    %flag_get/vec4 9;
    %jmp/0 T_55.10, 9;
    %load/vec4 v0x12663adf0_0;
    %pushi/vec4 85, 0, 8;
    %cmp/e;
    %flag_get/vec4 4;
    %and;
T_55.10;
    %flag_set/vec4 8;
    %jmp/0xz  T_55.8, 8;
    %pushi/vec4 1, 0, 3;
    %assign/vec4 v0x12663ab50_0, 0;
    %pushi/vec4 0, 0, 12;
    %assign/vec4 v0x12663a7d0_0, 0;
T_55.8 ;
    %jmp T_55.7;
T_55.3 ;
    %load/vec4 v0x12663abf0_0;
    %pad/u 32;
    %cmpi/e 1, 0, 32;
    %jmp/0xz  T_55.11, 4;
    %load/vec4 v0x12663adf0_0;
    %cmpi/e 91, 0, 8;
    %jmp/0xz  T_55.13, 4;
    %pushi/vec4 2, 0, 3;
    %assign/vec4 v0x12663ab50_0, 0;
    %jmp T_55.14;
T_55.13 ;
    %load/vec4 v0x12663adf0_0;
    %cmpi/e 85, 0, 8;
    %jmp/0xz  T_55.15, 4;
    %pushi/vec4 1, 0, 3;
    %assign/vec4 v0x12663ab50_0, 0;
    %jmp T_55.16;
T_55.15 ;
    %pushi/vec4 0, 0, 3;
    %assign/vec4 v0x12663ab50_0, 0;
T_55.16 ;
T_55.14 ;
T_55.11 ;
    %jmp T_55.7;
T_55.4 ;
    %load/vec4 v0x12663abf0_0;
    %flag_set/vec4 8;
    %jmp/0xz  T_55.17, 8;
    %pushi/vec4 3, 0, 3;
    %assign/vec4 v0x12663ab50_0, 0;
T_55.17 ;
    %jmp T_55.7;
T_55.5 ;
    %load/vec4 v0x12663a7d0_0;
    %pad/u 96;
    %cmpi/u 3600, 0, 96;
    %jmp/0xz  T_55.19, 5;
    %load/vec4 v0x12663a7d0_0;
    %addi 1, 0, 12;
    %pushi/vec4 4095, 0, 12;
    %and;
    %assign/vec4 v0x12663a7d0_0, 0;
    %pushi/vec4 2, 0, 3;
    %assign/vec4 v0x12663ab50_0, 0;
    %jmp T_55.20;
T_55.19 ;
    %pushi/vec4 4, 0, 3;
    %assign/vec4 v0x12663ab50_0, 0;
T_55.20 ;
    %jmp T_55.7;
T_55.6 ;
    %load/vec4 v0x12663adf0_0;
    %cmpi/e 170, 0, 8;
    %jmp/0xz  T_55.21, 4;
    %pushi/vec4 0, 0, 3;
    %assign/vec4 v0x12663ab50_0, 0;
    %load/vec4 v0x12663a720_0;
    %parti/s 2, 0, 2;
    %concati/vec4 1, 0, 1;
    %assign/vec4 v0x12663a720_0, 0;
    %jmp T_55.22;
T_55.21 ;
    %pushi/vec4 0, 0, 3;
    %assign/vec4 v0x12663ab50_0, 0;
T_55.22 ;
    %jmp T_55.7;
T_55.7 ;
    %pop/vec4 1;
T_55.1 ;
    %jmp T_55;
    .thread T_55;
    .scope S_0x126612cf0;
T_56 ;
    %pushi/vec4 0, 0, 1;
    %store/vec4 v0x12663b7d0_0, 0, 1;
    %pushi/vec4 0, 0, 1;
    %store/vec4 v0x12663be40_0, 0, 1;
    %end;
    .thread T_56, $init;
    .scope S_0x126612cf0;
T_57 ;
    %delay 10000, 0;
    %load/vec4 v0x12663b7d0_0;
    %inv;
    %store/vec4 v0x12663b7d0_0, 0, 1;
    %jmp T_57;
    .thread T_57;
    .scope S_0x126612cf0;
T_58 ;
    %vpi_call/w 3 53 "$dumpfile", "tmp/wave.vcd" {0 0 0};
    %vpi_call/w 3 54 "$dumpvars", 32'sb00000000000000000000000000000000, S_0x126612cf0 {0 0 0};
    %pushi/vec4 1, 0, 1;
    %store/vec4 v0x12663bed0_0, 0, 1;
    %pushi/vec4 1, 0, 1;
    %store/vec4 v0x12663b870_0, 0, 1;
    %pushi/vec4 0, 0, 1;
    %store/vec4 v0x12663bdb0_0, 0, 1;
    %pushi/vec4 0, 0, 1;
    %store/vec4 v0x12663be40_0, 0, 1;
    %delay 100000, 0;
    %pushi/vec4 1, 0, 1;
    %store/vec4 v0x12663be40_0, 0, 1;
    %delay 100000, 0;
    %pushi/vec4 0, 0, 1;
    %store/vec4 v0x12663b870_0, 0, 1;
    %delay 50000, 0;
    %pushi/vec4 85, 0, 8;
    %store/vec4 v0x12663b660_0, 0, 8;
    %fork TD_tb_top.spi_send_byte, S_0x12663b480;
    %join;
    %pushi/vec4 91, 0, 8;
    %store/vec4 v0x12663b660_0, 0, 8;
    %fork TD_tb_top.spi_send_byte, S_0x12663b480;
    %join;
    %pushi/vec4 255, 0, 8;
    %store/vec4 v0x12663b3e0_0, 0, 8;
    %pushi/vec4 125, 0, 8;
    %store/vec4 v0x12663b350_0, 0, 8;
    %pushi/vec4 0, 0, 8;
    %store/vec4 v0x12663b2c0_0, 0, 8;
    %fork TD_tb_top.send_rgb, S_0x12663b0f0;
    %join;
    %pushi/vec4 0, 0, 8;
    %store/vec4 v0x12663b3e0_0, 0, 8;
    %pushi/vec4 255, 0, 8;
    %store/vec4 v0x12663b350_0, 0, 8;
    %pushi/vec4 125, 0, 8;
    %store/vec4 v0x12663b2c0_0, 0, 8;
    %fork TD_tb_top.send_rgb, S_0x12663b0f0;
    %join;
    %pushi/vec4 125, 0, 8;
    %store/vec4 v0x12663b3e0_0, 0, 8;
    %pushi/vec4 0, 0, 8;
    %store/vec4 v0x12663b350_0, 0, 8;
    %pushi/vec4 255, 0, 8;
    %store/vec4 v0x12663b2c0_0, 0, 8;
    %fork TD_tb_top.send_rgb, S_0x12663b0f0;
    %join;
    %pushi/vec4 3, 0, 32;
    %store/vec4 v0x12663bc90_0, 0, 32;
T_58.0 ;
    %load/vec4 v0x12663bc90_0;
    %cmpi/s 1200, 0, 32;
    %jmp/0xz T_58.1, 5;
    %pushi/vec4 55, 0, 8;
    %store/vec4 v0x12663b3e0_0, 0, 8;
    %pushi/vec4 0, 0, 8;
    %store/vec4 v0x12663b350_0, 0, 8;
    %pushi/vec4 0, 0, 8;
    %store/vec4 v0x12663b2c0_0, 0, 8;
    %fork TD_tb_top.send_rgb, S_0x12663b0f0;
    %join;
    %load/vec4 v0x12663bc90_0;
    %addi 1, 0, 32;
    %store/vec4 v0x12663bc90_0, 0, 32;
    %jmp T_58.0;
T_58.1 ;
    %pushi/vec4 170, 0, 8;
    %store/vec4 v0x12663b660_0, 0, 8;
    %fork TD_tb_top.spi_send_byte, S_0x12663b480;
    %join;
    %pushi/vec4 170, 0, 8;
    %store/vec4 v0x12663b660_0, 0, 8;
    %fork TD_tb_top.spi_send_byte, S_0x12663b480;
    %join;
    %pushi/vec4 0, 0, 1;
    %store/vec4 v0x12663bdb0_0, 0, 1;
    %pushi/vec4 1, 0, 1;
    %store/vec4 v0x12663b870_0, 0, 1;
    %delay 20000000, 0;
    %pushi/vec4 0, 0, 1;
    %store/vec4 v0x12663b870_0, 0, 1;
    %delay 50000, 0;
    %pushi/vec4 85, 0, 8;
    %store/vec4 v0x12663b660_0, 0, 8;
    %fork TD_tb_top.spi_send_byte, S_0x12663b480;
    %join;
    %pushi/vec4 91, 0, 8;
    %store/vec4 v0x12663b660_0, 0, 8;
    %fork TD_tb_top.spi_send_byte, S_0x12663b480;
    %join;
    %pushi/vec4 0, 0, 32;
    %store/vec4 v0x12663bc90_0, 0, 32;
T_58.2 ;
    %load/vec4 v0x12663bc90_0;
    %cmpi/s 30, 0, 32;
    %jmp/0xz T_58.3, 5;
    %pushi/vec4 119, 0, 8;
    %store/vec4 v0x12663b3e0_0, 0, 8;
    %pushi/vec4 0, 0, 8;
    %store/vec4 v0x12663b350_0, 0, 8;
    %pushi/vec4 17, 0, 8;
    %store/vec4 v0x12663b2c0_0, 0, 8;
    %fork TD_tb_top.send_rgb, S_0x12663b0f0;
    %join;
    %load/vec4 v0x12663bc90_0;
    %addi 1, 0, 32;
    %store/vec4 v0x12663bc90_0, 0, 32;
    %jmp T_58.2;
T_58.3 ;
    %pushi/vec4 170, 0, 8;
    %store/vec4 v0x12663b660_0, 0, 8;
    %fork TD_tb_top.spi_send_byte, S_0x12663b480;
    %join;
    %pushi/vec4 170, 0, 8;
    %store/vec4 v0x12663b660_0, 0, 8;
    %fork TD_tb_top.spi_send_byte, S_0x12663b480;
    %join;
    %pushi/vec4 0, 0, 1;
    %store/vec4 v0x12663bdb0_0, 0, 1;
    %pushi/vec4 1, 0, 1;
    %store/vec4 v0x12663b870_0, 0, 1;
    %delay 2000000000, 0;
    %vpi_call/w 3 97 "$finish" {0 0 0};
    %end;
    .thread T_58;
# The file index is used to find the file name in the following table.
:file_names 8;
    "N/A";
    "<interactive>";
    "-";
    "sim/tb_top.v";
    "src/top.sv";
    "src/double_buffer.sv";
    "src/neopixel.sv";
    "src/spi_slave.sv";
